"event-id","visible","timestamp","location-long","location-lat","comments","modelled","study-specific-measurement","tag-tech-spec","sensor-type","individual-taxon-canonical-name","tag-local-identifier","individual-local-identifier","study-name","OSU Ocean NPP 0.083deg Monthly NPP","ECMWF Interim Full Daily SFC Sea Ice Cover","ETOPO1 Elevation","ECMWF Interim Full Daily SFC Sea Surface Temperature"
"1940507794","true","2013-01-23 04:59:35.000","3.383818926","-69.98893243","129214.1176-2185345.667","true","1213","1","gps","Thalassoica antarctica","4181995GPS","4181995","At-sea distribution Antarctic Petrel, Antarctica 2012 (data from Descamps et al. 2016)","NaN","0.931736811315636","-780","271.4600019101743"
"1940507795","true","2013-01-23 05:29:35.000","3.629067155","-69.66377447","140864.3333-2220993.833","true","1213","1","gps","Thalassoica antarctica","4181995GPS","4181995","At-sea distribution Antarctic Petrel, Antarctica 2012 (data from Descamps et al. 2016)","NaN","0.8773455696428374","-2129","271.49221412879973"
"1940507796","true","2013-01-23 05:59:35.000","3.874227209","-69.31807594","152976.1258-2258908.311","true","1213","1","gps","Thalassoica antarctica","4181995GPS","4181995","At-sea distribution Antarctic Petrel, Antarctica 2012 (data from Descamps et al. 2016)","NaN","0.8032756607842202","-2535","271.5269013589785"
"1940507797","true","2013-01-23 06:29:35.000","3.955572603","-69.10125067","157855.6952-2282878.401","true","1213","1","gps","Thalassoica antarctica","4181995GPS","4181995","At-sea distribution Antarctic Petrel, Antarctica 2012 (data from Descamps et al. 2016)","137.74289272496526","0.7230091043389674","-2289","271.56239068752825"
"1940507798","true","2013-01-23 06:59:35.000","3.950038364","-69.07610783","157828.95-2285699.7","true","1213","1","gps","Thalassoica antarctica","4181995GPS","4181995","At-sea distribution Antarctic Petrel, Antarctica 2012 (data from Descamps et al. 2016)","140.18115339174742","0.7123536421879975","-2407","271.5681162067312"
"1940507799","true","2013-01-23 07:29:35.000","3.944619501","-69.07073367","157654.1353-2286314.432","true","1213","1","gps","Thalassoica antarctica","4181995GPS","4181995","At-sea distribution Antarctic Petrel, Antarctica 2012 (data from Descamps et al. 2016)","140.66352221749187","0.7094784479328384","-2559","271.5697849498715"
"1940507800","true","2013-01-23 07:59:35.000","3.948576898","-69.07120888","157808.3887-2286250.498","true","1213","1","gps","Thalassoica antarctica","4181995GPS","4181995","At-sea distribution Antarctic Petrel, Antarctica 2012 (data from Descamps et al. 2016)","140.62007386424054","0.7102086245256354","-2559","271.56930574183133"
"1940507801","true","2013-01-23 08:29:35.000","3.954124077","-69.07179043","158025.2483-2286170.302","true","1213","1","gps","Thalassoica antarctica","4181995GPS","4181995","At-sea distribution Antarctic Petrel, Antarctica 2012 (data from Descamps et al. 2016)","140.5626086074368","0.7111881497680004","-2559","271.5686571071808"
"1940507802","true","2013-01-23 08:59:35.000","3.961213474","-69.07130426","158311.88-2286204.993","true","1213","1","gps","Thalassoica antarctica","4181995GPS","4181995","At-sea distribution Antarctic Petrel, Antarctica 2012 (data from Descamps et al. 2016)","136.80234517409065","0.7119589168489724","-2569","271.5680852024149"
"1940507803","true","2013-01-23 09:29:35.000","3.96883304","-69.07038304","158623.0464-2286286.735","true","1213","1","gps","Thalassoica antarctica","4181995GPS","4181995","At-sea distribution Antarctic Petrel, Antarctica 2012 (data from Descamps et al. 2016)","136.902787095436","0.7126508208737534","-2569","271.56753885891453"
"1940507804","true","2013-01-23 09:59:35.000","3.978331964","-69.07030771","159002.6667-2286268.813","true","1213","1","gps","Thalassoica antarctica","4181995GPS","4181995","At-sea distribution Antarctic Petrel, Antarctica 2012 (data from Descamps et al. 2016)","136.83430519950758","0.7139101200748587","-2582","271.5666391215075"
"1940507805","true","2013-01-23 10:29:35.000","3.996961863","-69.05889231","159835.0671-2287491.03","true","1213","1","gps","Thalassoica antarctica","4181995GPS","4181995","At-sea distribution Antarctic Petrel, Antarctica 2012 (data from Descamps et al. 2016)","138.24336272212705","0.7128375298746141","-2597","271.56671556572536"
"1940507806","true","2013-01-23 10:59:35.000","4.003350341","-69.05645135","160109.1875-2287745.625","true","1213","1","gps","Thalassoica antarctica","4181995GPS","4181995","At-sea distribution Antarctic Petrel, Antarctica 2012 (data from Descamps et al. 2016)","138.3802506165585","0.7130718988550472","-2737","271.5664080532765"
"1940507807","true","2013-01-23 11:29:35.000","4.104559976","-69.03774637","164299.9007-2289546.672","true","1213","1","gps","Thalassoica antarctica","4181995GPS","4181995","At-sea distribution Antarctic Petrel, Antarctica 2012 (data from Descamps et al. 2016)","138.70368803810285","0.7233036392358397","-2876","271.557436556221"
"1940507808","true","2013-01-23 11:59:35.000","4.104481669","-69.03571666","164313.0264-2289773.416","true","1213","1","gps","Thalassoica antarctica","4181995GPS","4181995","At-sea distribution Antarctic Petrel, Antarctica 2012 (data from Descamps et al. 2016)","138.81449013971363","0.7230096145357144","-2876","271.5575641108883"
"1940507809","true","2013-01-23 12:29:35.000","4.147018452","-69.02228714","166121.5899-2291149.511","true","1213","1","gps","Thalassoica antarctica","4181995GPS","4181995","At-sea distribution Antarctic Petrel, Antarctica 2012 (data from Descamps et al. 2016)","139.7606176686703","0.7264993315722105","-2915","271.55374596673096"
"1940507810","true","2013-01-23 12:59:35.000","4.141534487","-69.01934281","165926.0891-2291493.993","true","1213","1","gps","Thalassoica antarctica","4181995GPS","4181995","At-sea distribution Antarctic Petrel, Antarctica 2012 (data from Descamps et al. 2016)","139.9415717300869","0.7256288599130013","-2920","271.55439956601714"
"1940507811","true","2013-01-23 13:29:35.000","4.134535121","-69.01668279","165667.6141-2291811.116","true","1213","1","gps","Thalassoica antarctica","4181995GPS","4181995","At-sea distribution Antarctic Petrel, Antarctica 2012 (data from Descamps et al. 2016)","140.11337105637935","0.7245977445339534","-2920","271.55521239855057"
"1940507812","true","2013-01-23 13:59:35.000","4.1235121","-69.01432178","165245.691-2292106.449","true","1213","1","gps","Thalassoica antarctica","4181995GPS","4181995","At-sea distribution Antarctic Petrel, Antarctica 2012 (data from Descamps et al. 2016)","140.14050483349664","0.7230761677645005","-2926","271.5564630368386"
"1940507813","true","2013-01-23 14:29:35.000","4.103173934","-68.96713186","164809.9097-2297432.199","true","1213","1","gps","Thalassoica antarctica","4181995GPS","4181995","At-sea distribution Antarctic Petrel, Antarctica 2012 (data from Descamps et al. 2016)","142.98866482001017","0.5828256209209896","-3015","271.69615390883104"
"1940507814","true","2013-01-23 14:59:35.000","4.138153066","-68.94514891","166390-2299785","true","1213","1","gps","Thalassoica antarctica","4181995GPS","4181995","At-sea distribution Antarctic Petrel, Antarctica 2012 (data from Descamps et al. 2016)","145.53325075801274","0.5803671406396546","-3031","271.7009352740204"
"1940507815","true","2013-01-23 15:29:35.000","4.21592057","-68.88922437","169971.5222-2305799.758","true","1213","1","gps","Thalassoica antarctica","4181995GPS","4181995","At-sea distribution Antarctic Petrel, Antarctica 2012 (data from Descamps et al. 2016)","144.25922151938954","0.5632465659677985","-3146","271.72500054305846"
"1940507816","true","2013-01-23 15:59:35.000","4.158525469","-68.8361175","168092.7703-2311898.5","true","1213","1","gps","Thalassoica antarctica","4181995GPS","4181995","At-sea distribution Antarctic Petrel, Antarctica 2012 (data from Descamps et al. 2016)","143.01358118128695","0.5279639061374924","-3110","271.76893038441955"
"1940507817","true","2013-01-23 16:29:35.000","4.157357408","-68.82782445","168112.9506-2312827.975","true","1213","1","gps","Thalassoica antarctica","4181995GPS","4181995","At-sea distribution Antarctic Petrel, Antarctica 2012 (data from Descamps et al. 2016)","141.64004408236372","0.5228722818057644","-3112","271.7754775798403"
"1940507818","true","2013-01-23 16:59:35.000","4.144077197","-68.82783322","167576.8-2312865.9","true","1213","1","gps","Thalassoica antarctica","4181995GPS","4181995","At-sea distribution Antarctic Petrel, Antarctica 2012 (data from Descamps et al. 2016)","141.72116289669898","0.5222606745997934","-3112","271.77609697769935"
"1940507819","true","2013-01-23 17:29:35.000","4.233138996","-68.69181289","172296.1395-2327793.395","true","1213","1","gps","Thalassoica antarctica","4181995GPS","4181995","At-sea distribution Antarctic Petrel, Antarctica 2012 (data from Descamps et al. 2016)","132.39882840734364","0.435505902961773","-3312","271.88803632612667"
"1940507820","true","2013-01-23 17:59:35.000","4.258947892","-68.65681372","173635.8272-2331625.186","true","1213","1","gps","Thalassoica antarctica","4181995GPS","4181995","At-sea distribution Antarctic Petrel, Antarctica 2012 (data from Descamps et al. 2016)","132.93798608904044","0.4122315647765562","-3268","271.9176089348073"
"1940507821","true","2013-01-23 18:29:35.000","4.248382512","-68.65838292","173192.8488-2331481.863","true","1213","1","gps","Thalassoica antarctica","4181995GPS","4181995","At-sea distribution Antarctic Petrel, Antarctica 2012 (data from Descamps et al. 2016)","132.94510973119276","0.41307784586041","-3309","271.91662105329084"
"1940507822","true","2013-01-23 18:59:35.000","4.245649924","-68.65849676","173080.71-2331477.403","true","1213","1","gps","Thalassoica antarctica","4181995GPS","4181995","At-sea distribution Antarctic Petrel, Antarctica 2012 (data from Descamps et al. 2016)","132.94976890463676","0.41309816110573194","-3309","271.9166186026071"
"1940507823","true","2013-01-23 19:29:35.000","4.247971642","-68.65811174","173178.3799-2331513.399","true","1213","1","gps","Thalassoica antarctica","4181995GPS","4181995","At-sea distribution Antarctic Petrel, Antarctica 2012 (data from Descamps et al. 2016)","132.94982872328134","0.4128850454627943","-3286","271.9168707795809"
"1940507824","true","2013-01-23 19:59:35.000","4.237138513","-68.64511083","172845.1553-2332998.534","true","1213","1","gps","Thalassoica antarctica","4181995GPS","4181995","At-sea distribution Antarctic Petrel, Antarctica 2012 (data from Descamps et al. 2016)","133.20739193723898","0.4038246537245766","-3300","271.9285462852053"
"1940507825","true","2013-01-23 20:29:35.000","4.179370624","-68.57979585","171026.1569-2340469.908","true","1213","1","gps","Thalassoica antarctica","4181995GPS","4181995","At-sea distribution Antarctic Petrel, Antarctica 2012 (data from Descamps et al. 2016)","137.07244191932602","0.35819272514447953","-3208","271.98784229709025"
"1940507826","true","2013-01-23 20:59:35.000","4.29064787","-68.39976345","177081.0461-2360255.109","true","1213","1","gps","Thalassoica antarctica","4181995GPS","4181995","At-sea distribution Antarctic Petrel, Antarctica 2012 (data from Descamps et al. 2016)","237.09302949442517","0.2538645181530964","-3559","272.1095304086612"
"1940507827","true","2013-01-23 21:29:35.000","4.397735668","-68.28198652","182504.835-2373088.058","true","1213","1","gps","Thalassoica antarctica","4181995GPS","4181995","At-sea distribution Antarctic Petrel, Antarctica 2012 (data from Descamps et al. 2016)","252.5560433244882","0.21255671981910765","-3568","272.1172470146903"
"1940507828","true","2013-01-23 21:59:35.000","4.406736413","-68.26336426","183038.1128-2375141.852","true","1213","1","gps","Thalassoica antarctica","4181995GPS","4181995","At-sea distribution Antarctic Petrel, Antarctica 2012 (data from Descamps et al. 2016)","255.77414369869675","0.2079140116362393","-3550","272.1145920562683"
"1940507829","true","2013-01-23 22:29:35.000","4.398787478","-68.26330002","182709.1481-2375174.407","true","1213","1","gps","Thalassoica antarctica","4181995GPS","4181995","At-sea distribution Antarctic Petrel, Antarctica 2012 (data from Descamps et al. 2016)","255.60243978085057","0.20845167821077484","-3550","272.11608729777623"
"1940507830","true","2013-01-23 22:59:35.000","4.409158243","-68.26349937","183137.3422-2375119.003","true","1213","1","gps","Thalassoica antarctica","4181995GPS","4181995","At-sea distribution Antarctic Petrel, Antarctica 2012 (data from Descamps et al. 2016)","255.60957275806146","0.20775815812200504","-3558","272.1141562022443"
"1940507831","true","2013-01-23 23:29:35.000","4.446170663","-68.24395827","184841.5219-2377185.465","true","1213","1","gps","Thalassoica antarctica","4181995GPS","4181995","At-sea distribution Antarctic Petrel, Antarctica 2012 (data from Descamps et al. 2016)","258.7808980937337","0.17024389660156852","-3570","272.1818486104325"
"1940507832","true","2013-01-23 23:59:35.000","4.41313547","-68.08852351","184812.8-2394679.46","true","1213","1","gps","Thalassoica antarctica","4181995GPS","4181995","At-sea distribution Antarctic Petrel, Antarctica 2012 (data from Descamps et al. 2016)","267.78876442462456","0.09224495830111917","-3088","272.48259020396426"
"1940507833","true","2013-01-24 00:29:35.000","4.300734457","-67.95738949","181218.5082-2409715.839","true","1213","1","gps","Thalassoica antarctica","4181995GPS","4181995","At-sea distribution Antarctic Petrel, Antarctica 2012 (data from Descamps et al. 2016)","296.5744055312659","0.06295390434819904","-4162","272.6586915746328"
"1940507834","true","2013-01-24 00:59:35.000","4.312925389","-67.92638423","181993.0291-2413148.65","true","1213","1","gps","Thalassoica antarctica","4181995GPS","4181995","At-sea distribution Antarctic Petrel, Antarctica 2012 (data from Descamps et al. 2016)","301.52540242804434","0.05924176559743457","-4261","272.7119162706001"
"1940507835","true","2013-01-24 01:29:35.000","4.308748833","-67.92752434","181807.5049-2413034.254","true","1213","1","gps","Thalassoica antarctica","4181995GPS","4181995","At-sea distribution Antarctic Petrel, Antarctica 2012 (data from Descamps et al. 2016)","301.31858570120846","0.05982038175717212","-4261","272.7343060064443"
"1940507836","true","2013-01-24 01:59:35.000","4.35943556","-67.92951461","183925.1376-2412649.642","true","1213","1","gps","Thalassoica antarctica","4181995GPS","4181995","At-sea distribution Antarctic Petrel, Antarctica 2012 (data from Descamps et al. 2016)","300.2037238271945","0.06165068389430653","-4240","272.7527948766132"
"1940507837","true","2013-01-24 02:29:35.000","4.35751148","-67.92892098","183849.1815-2412722.281","true","1213","1","gps","Thalassoica antarctica","4181995GPS","4181995","At-sea distribution Antarctic Petrel, Antarctica 2012 (data from Descamps et al. 2016)","300.32369894234296","0.062033579576620694","-4258","272.7767114888042"
"1940507838","true","2013-01-24 02:59:35.000","4.355553403","-67.92794966","183775.0098-2412837.311","true","1213","1","gps","Thalassoica antarctica","4181995GPS","4181995","At-sea distribution Antarctic Petrel, Antarctica 2012 (data from Descamps et al. 2016)","300.5268387069285","0.06235573517823434","-4258","272.8010367215322"
"1940507839","true","2013-01-24 03:29:35.000","4.3539968","-67.92761648","183712.2984-2412879.607","true","1213","1","gps","Thalassoica antarctica","4181995GPS","4181995","At-sea distribution Antarctic Petrel, Antarctica 2012 (data from Descamps et al. 2016)","300.5871251471371","0.06278229892309048","-4258","272.82469506356114"
"1940507840","true","2013-01-24 03:59:35.000","4.354770429","-67.92701121","183750.0386-2412944.893","true","1213","1","gps","Thalassoica antarctica","4181995GPS","4181995","At-sea distribution Antarctic Petrel, Antarctica 2012 (data from Descamps et al. 2016)","300.68182297356293","0.06321234191961983","-4258","272.84851451635365"
"1940507841","true","2013-01-24 04:29:35.000","4.352041467","-67.92676986","183637.1678-2412980.664","true","1213","1","gps","Thalassoica antarctica","4181995GPS","4181995","At-sea distribution Antarctic Petrel, Antarctica 2012 (data from Descamps et al. 2016)","300.7352754472022","0.06362702139335101","-4258","272.87216439099"
"1940507842","true","2013-01-24 04:59:35.000","4.351875223","-67.92627328","183634.3976-2413036.795","true","1213","1","gps","Thalassoica antarctica","4181995GPS","4181995","At-sea distribution Antarctic Petrel, Antarctica 2012 (data from Descamps et al. 2016)","300.8165401734086","0.06405259000062297","-4258","272.8959429509874"
"1940507843","true","2013-01-24 05:29:35.000","4.291820932","-67.82630246","181945.2857-2424423.64","true","1213","1","gps","Thalassoica antarctica","4181995GPS","4181995","At-sea distribution Antarctic Petrel, Antarctica 2012 (data from Descamps et al. 2016)","315.8331950733781","0.04900127404922295","-4425","273.0265061593608"
"1940507844","true","2013-01-24 05:59:35.000","4.103444898","-67.66255745","175289.8039-2443358.876","true","1213","1","gps","Thalassoica antarctica","4181995GPS","4181995","At-sea distribution Antarctic Petrel, Antarctica 2012 (data from Descamps et al. 2016)","287.8099167023725","0.028036041521917125","-3796","273.21622603534485"
"1940507845","true","2013-01-24 06:29:35.000","4.082651343","-67.58665211","175010.4699-2451932.289","true","1213","1","gps","Thalassoica antarctica","4181995GPS","4181995","At-sea distribution Antarctic Petrel, Antarctica 2012 (data from Descamps et al. 2016)","292.3747809191112","0.02091490856317453","-3769","273.2775739909743"
"1940507846","true","2013-01-24 06:59:35.000","3.980789502","-67.40654713","172057.0306-2472442.778","true","1213","1","gps","Thalassoica antarctica","4181995GPS","4181995","At-sea distribution Antarctic Petrel, Antarctica 2012 (data from Descamps et al. 2016)","293.99897166611385","0.0","-3708","273.5182661540303"
"1940507847","true","2013-01-24 07:29:35.000","4.032094549","-67.21685041","175771.6914-2493578.778","true","1213","1","gps","Thalassoica antarctica","4181995GPS","4181995","At-sea distribution Antarctic Petrel, Antarctica 2012 (data from Descamps et al. 2016)","280.2341430496265","0.0","-2970","273.56753546149884"
"1940507848","true","2013-01-24 07:59:35.000","4.17689624","-67.07119336","183267.4286-2509481.071","true","1213","1","gps","Thalassoica antarctica","4181995GPS","4181995","At-sea distribution Antarctic Petrel, Antarctica 2012 (data from Descamps et al. 2016)","277.3240208346803","0.0","-3623","273.6159899015227"
"1940507849","true","2013-01-24 08:29:35.000","4.186565756","-66.94267585","184747.693-2523886.71","true","1213","1","gps","Thalassoica antarctica","4181995GPS","4181995","At-sea distribution Antarctic Petrel, Antarctica 2012 (data from Descamps et al. 2016)","278.1684372354063","0.0","-3772","273.6591115679729"
"1940507850","true","2013-01-24 08:59:35.000","4.258923011","-66.85403501","188676.6043-2533611.348","true","1213","1","gps","Thalassoica antarctica","4181995GPS","4181995","At-sea distribution Antarctic Petrel, Antarctica 2012 (data from Descamps et al. 2016)","276.1917146404509","0.0","-3890","273.6802471925864"
"1940507851","true","2013-01-24 09:29:35.000","4.42123518","-66.81597613","196183.9066-2537343.111","true","1213","1","gps","Thalassoica antarctica","4181995GPS","4181995","At-sea distribution Antarctic Petrel, Antarctica 2012 (data from Descamps et al. 2016)","280.8630049354668","0.0","-3954","273.6867303663304"
"1940507852","true","2013-01-24 09:59:35.000","4.676580056","-66.66990516","208832.4612-2552856.044","true","1213","1","gps","Thalassoica antarctica","4181995GPS","4181995","At-sea distribution Antarctic Petrel, Antarctica 2012 (data from Descamps et al. 2016)","280.850340917986","0.0","-4115","273.70690542803754"
"1940507853","true","2013-01-24 10:29:35.000","4.821687282","-66.52012114","216717.2148-2569153.708","true","1213","1","gps","Thalassoica antarctica","4181995GPS","4181995","At-sea distribution Antarctic Petrel, Antarctica 2012 (data from Descamps et al. 2016)","269.1645610031333","0.0","-4184","273.72326296649965"
"1940507854","true","2013-01-24 10:59:35.000","5.14660108","-66.41788062","232317.7727-2579373.977","true","1213","1","gps","Thalassoica antarctica","4181995GPS","4181995","At-sea distribution Antarctic Petrel, Antarctica 2012 (data from Descamps et al. 2016)","243.47846026362393","0.0","-4135","273.7399200699114"
"1940507855","true","2013-01-24 11:29:35.000","5.510668257","-66.41043415","248783.4639-2578682.283","true","1213","1","gps","Thalassoica antarctica","4181995GPS","4181995","At-sea distribution Antarctic Petrel, Antarctica 2012 (data from Descamps et al. 2016)","234.38612153438015","0.0","-4276","273.6534132687733"
"1940507856","true","2013-01-24 11:59:35.000","5.781969737","-66.40716873","261028.0877-2577842.043","true","1213","1","gps","Thalassoica antarctica","4181995GPS","4181995","At-sea distribution Antarctic Petrel, Antarctica 2012 (data from Descamps et al. 2016)","244.2548850035063","0.0","-4212","273.64911398660655"
"1940507857","true","2013-01-24 12:29:35.000","6.173195749","-66.40101742","278698.5-2576689.875","true","1213","1","gps","Thalassoica antarctica","4181995GPS","4181995","At-sea distribution Antarctic Petrel, Antarctica 2012 (data from Descamps et al. 2016)","265.8729948242429","0.0","-4144","273.5528760265421"
"1940507858","true","2013-01-24 12:59:35.000","6.552911572","-66.39518968","295843.7953-2575439.768","true","1213","1","gps","Thalassoica antarctica","4181995GPS","4181995","At-sea distribution Antarctic Petrel, Antarctica 2012 (data from Descamps et al. 2016)","290.1523854445968","0.0","-3995","273.54698331978915"
"1940507859","true","2013-01-24 13:29:35.000","6.808603248","-66.37689581","307578.9302-2576144.236","true","1213","1","gps","Thalassoica antarctica","4181995GPS","4181995","At-sea distribution Antarctic Petrel, Antarctica 2012 (data from Descamps et al. 2016)","277.52382242916366","0.0","-4290","273.44074939359575"
"1940507860","true","2013-01-24 13:59:35.000","6.80175647","-66.38070057","307220.2174-2575754.522","true","1213","1","gps","Thalassoica antarctica","4181995GPS","4181995","At-sea distribution Antarctic Petrel, Antarctica 2012 (data from Descamps et al. 2016)","277.52163813767976","0.0","-4288","273.4395027589194"
"1940507861","true","2013-01-24 14:29:35.000","6.792875223","-66.38181127","306806.1246-2575677.62","true","1213","1","gps","Thalassoica antarctica","4181995GPS","4181995","At-sea distribution Antarctic Petrel, Antarctica 2012 (data from Descamps et al. 2016)","277.3542595692746","0.0","-4288","273.4392752604081"
"1940507862","true","2013-01-24 14:59:35.000","6.881458106","-66.37025246","310944.2452-2576495.548","true","1213","1","gps","Thalassoica antarctica","4181995GPS","4181995","At-sea distribution Antarctic Petrel, Antarctica 2012 (data from Descamps et al. 2016)","294.3668625155183","0.0","-4262","273.4417241748249"
"1940507863","true","2013-01-24 15:29:35.000","6.877776307","-66.37003056","310781.6797-2576540.392","true","1213","1","gps","Thalassoica antarctica","4181995GPS","4181995","At-sea distribution Antarctic Petrel, Antarctica 2012 (data from Descamps et al. 2016)","293.9555688395189","0.0","-4262","273.44188402465556"
"1940507864","true","2013-01-24 15:59:35.000","6.873466753","-66.37054192","310580.9739-2576506.453","true","1213","1","gps","Thalassoica antarctica","4181995GPS","4181995","At-sea distribution Antarctic Petrel, Antarctica 2012 (data from Descamps et al. 2016)","286.1721592900009","0.0","-4271","273.4417835221235"
"1940507865","true","2013-01-24 16:29:35.000","6.868920241","-66.37099097","310370.4608-2576480.765","true","1213","1","gps","Thalassoica antarctica","4181995GPS","4181995","At-sea distribution Antarctic Petrel, Antarctica 2012 (data from Descamps et al. 2016)","286.14511657812176","0.0","-4271","273.44171097596"
"1940507866","true","2013-01-24 16:59:35.000","6.864664206","-66.37165239","310170.1503-2576429.686","true","1213","1","gps","Thalassoica antarctica","4181995GPS","4181995","At-sea distribution Antarctic Petrel, Antarctica 2012 (data from Descamps et al. 2016)","286.2076133124916","0.0","-4271","273.4415534521265"
"1940507867","true","2013-01-24 17:29:35.000","6.859522445","-66.32046918","310629.0511-2582194.272","true","1213","1","gps","Thalassoica antarctica","4181995GPS","4181995","At-sea distribution Antarctic Petrel, Antarctica 2012 (data from Descamps et al. 2016)","306.2648759505658","0.0","-4184","273.4609752782065"
"1940507868","true","2013-01-24 17:59:35.000","7.183218969","-66.29568609","325562.1933-2583174.351","true","1213","1","gps","Thalassoica antarctica","4181995GPS","4181995","At-sea distribution Antarctic Petrel, Antarctica 2012 (data from Descamps et al. 2016)","400.02956254472366","0.0","-4274","273.4632265310619"
"1940507869","true","2013-01-24 18:29:35.000","7.347473786","-66.24966936","333630.7826-2587383.97","true","1213","1","gps","Thalassoica antarctica","4181995GPS","4181995","At-sea distribution Antarctic Petrel, Antarctica 2012 (data from Descamps et al. 2016)","381.928810112479","0.0","-4264","273.47579990349413"
"1940507870","true","2013-01-24 18:59:35.000","7.378901746","-66.10902383","337090.3377-2602955.977","true","1213","1","gps","Thalassoica antarctica","4181995GPS","4181995","At-sea distribution Antarctic Petrel, Antarctica 2012 (data from Descamps et al. 2016)","488.02475804903725","0.0","-4164","273.51939519951327"
"1940507871","true","2013-01-24 19:29:35.000","7.411906567","-66.05199644","339420.9741-2609151.458","true","1213","1","gps","Thalassoica antarctica","4181995GPS","4181995","At-sea distribution Antarctic Petrel, Antarctica 2012 (data from Descamps et al. 2016)","482.1344686698322","0.0","-4199","273.5344531995886"
"1940507872","true","2013-01-24 19:59:35.000","7.305617658","-65.95892823","335917.8272-2620210.492","true","1213","1","gps","Thalassoica antarctica","4181995GPS","4181995","At-sea distribution Antarctic Petrel, Antarctica 2012 (data from Descamps et al. 2016)","531.3593435372305","0.0","-4260","273.6110048238027"
"1940507873","true","2013-01-24 20:29:35.000","7.239168297","-65.89993259","333719.2752-2627215.087","true","1213","1","gps","Thalassoica antarctica","4181995GPS","4181995","At-sea distribution Antarctic Petrel, Antarctica 2012 (data from Descamps et al. 2016)","529.3838970064892","0.0","-4170","273.63124315111975"
"1940507874","true","2013-01-24 20:59:35.000","6.986498654","-65.84112293","322939.1815-2635262.152","true","1213","1","gps","Thalassoica antarctica","4181995GPS","4181995","At-sea distribution Antarctic Petrel, Antarctica 2012 (data from Descamps et al. 2016)","459.6516320057709","0.0","-4009","273.6549349895271"
"1940507875","true","2013-01-24 21:29:35.000","6.658215689","-65.7927611","308469.1331-2642502.226","true","1213","1","gps","Thalassoica antarctica","4181995GPS","4181995","At-sea distribution Antarctic Petrel, Antarctica 2012 (data from Descamps et al. 2016)","417.5134067869722","0.0","-4051","273.7404604156279"
"1940507876","true","2013-01-24 21:59:35.000","6.425361584","-65.75743924","298174.4468-2647704.585","true","1213","1","gps","Thalassoica antarctica","4181995GPS","4181995","At-sea distribution Antarctic Petrel, Antarctica 2012 (data from Descamps et al. 2016)","365.5364323774816","0.0","-4196","273.7537950702712"
"1940507877","true","2013-01-24 22:29:35.000","6.180571383","-65.75029949","286946.6808-2649757.358","true","1213","1","gps","Thalassoica antarctica","4181995GPS","4181995","At-sea distribution Antarctic Petrel, Antarctica 2012 (data from Descamps et al. 2016)","275.40607696601774","0.0","-4181","273.76097441843547"
"1940507878","true","2013-01-24 22:59:35.000","5.851184582","-65.73534216","271881.3846-2653046.554","true","1213","1","gps","Thalassoica antarctica","4181995GPS","4181995","At-sea distribution Antarctic Petrel, Antarctica 2012 (data from Descamps et al. 2016)","254.24668658188975","0.0","-4179","273.83822870256375"
"1940507879","true","2013-01-24 23:29:35.000","5.785590414","-65.76528651","268502.4141-2649985.693","true","1213","1","gps","Thalassoica antarctica","4181995GPS","4181995","At-sea distribution Antarctic Petrel, Antarctica 2012 (data from Descamps et al. 2016)","256.5292173421323","0.0","-4169","273.83320035722244"
"1940507880","true","2013-01-24 23:59:35.000","5.714543058","-65.75618734","265318.6949-2651340.847","true","1213","1","gps","Thalassoica antarctica","4181995GPS","4181995","At-sea distribution Antarctic Petrel, Antarctica 2012 (data from Descamps et al. 2016)","259.92829680888775","0.0","-4076","273.83654569423265"
"1940507881","true","2013-01-25 00:29:35.000","5.686542716","-65.76240182","263953.2976-2650770.622","true","1213","1","gps","Thalassoica antarctica","4181995GPS","4181995","At-sea distribution Antarctic Petrel, Antarctica 2012 (data from Descamps et al. 2016)","273.53028002087484","0.0","-4092","273.8523654462705"
"1940507882","true","2013-01-25 00:59:35.000","5.696823605","-65.77107502","264331.5419-2649746.913","true","1213","1","gps","Thalassoica antarctica","4181995GPS","4181995","At-sea distribution Antarctic Petrel, Antarctica 2012 (data from Descamps et al. 2016)","271.41392333904577","0.0","-4104","273.867101156203"
"1940507883","true","2013-01-25 01:29:35.000","5.681280036","-65.76586292","263671.06-2650405.24","true","1213","1","gps","Thalassoica antarctica","4181995GPS","4181995","At-sea distribution Antarctic Petrel, Antarctica 2012 (data from Descamps et al. 2016)","273.44679888964845","0.0","-4092","273.8850731530845"
"1940507884","true","2013-01-25 01:59:35.000","5.745833426","-65.77836488","266515.4334-2648699.344","true","1213","1","gps","Thalassoica antarctica","4181995GPS","4181995","At-sea distribution Antarctic Petrel, Antarctica 2012 (data from Descamps et al. 2016)","255.62706994380423","0.0","-4180","273.8978531117844"
"1940507885","true","2013-01-25 02:29:35.000","5.745412753","-65.78546806","266415.5493-2647901.838","true","1213","1","gps","Thalassoica antarctica","4181995GPS","4181995","At-sea distribution Antarctic Petrel, Antarctica 2012 (data from Descamps et al. 2016)","254.97549682151228","0.0","-4180","273.91309449060236"
"1940507886","true","2013-01-25 02:59:35.000","5.571981607","-65.76922381","258577.7083-2650525","true","1213","1","gps","Thalassoica antarctica","4181995GPS","4181995","At-sea distribution Antarctic Petrel, Antarctica 2012 (data from Descamps et al. 2016)","289.75583466906664","0.0","-4049","273.93648621384364"
"1940507887","true","2013-01-25 03:29:35.000","5.701684719","-65.78369015","264414.5784-2648304.512","true","1213","1","gps","Thalassoica antarctica","4181995GPS","4181995","At-sea distribution Antarctic Petrel, Antarctica 2012 (data from Descamps et al. 2016)","265.8480543745053","0.0","-4145","273.9477105517396"
"1940507888","true","2013-01-25 03:59:35.000","5.910399204","-65.77825038","274123.2905-2647935.814","true","1213","1","gps","Thalassoica antarctica","4181995GPS","4181995","At-sea distribution Antarctic Petrel, Antarctica 2012 (data from Descamps et al. 2016)","249.7163835697457","0.0","-4207","273.9617703503615"
"1940507889","true","2013-01-25 04:29:35.000","5.749529156","-65.72136235","267332.3182-2655098.477","true","1213","1","gps","Thalassoica antarctica","4181995GPS","4181995","At-sea distribution Antarctic Petrel, Antarctica 2012 (data from Descamps et al. 2016)","265.64915619424465","0.0","-4072","273.9925916313451"
"1940507890","true","2013-01-25 04:59:35.000","5.618759438","-65.70063695","261501.329-2658035.465","true","1213","1","gps","Thalassoica antarctica","4181995GPS","4181995","At-sea distribution Antarctic Petrel, Antarctica 2012 (data from Descamps et al. 2016)","286.65083720875884","0.0","-3981","274.01509413561814"
"1940507891","true","2013-01-25 05:29:35.000","5.627864864","-65.7026085","261901.8627-2657771.866","true","1213","1","gps","Thalassoica antarctica","4181995GPS","4181995","At-sea distribution Antarctic Petrel, Antarctica 2012 (data from Descamps et al. 2016)","282.2246569199795","0.0","-3988","274.0312233844012"
"1940507892","true","2013-01-25 05:59:35.000","5.617121695","-65.6980547","261453.9508-2658333.721","true","1213","1","gps","Thalassoica antarctica","4181995GPS","4181995","At-sea distribution Antarctic Petrel, Antarctica 2012 (data from Descamps et al. 2016)","287.695127784956","0.0","-3981","274.04888648435673"
"1940507893","true","2013-01-25 06:29:35.000","5.658380484","-65.6851381","263512.2609-2659599.217","true","1213","1","gps","Thalassoica antarctica","4181995GPS","4181995","At-sea distribution Antarctic Petrel, Antarctica 2012 (data from Descamps et al. 2016)","283.9227425565184","0.0","-4005","274.0512095717291"
"1940507894","true","2013-01-25 06:59:35.000","5.566870131","-65.67834774","259338.6689-2660781.464","true","1213","1","gps","Thalassoica antarctica","4181995GPS","4181995","At-sea distribution Antarctic Petrel, Antarctica 2012 (data from Descamps et al. 2016)","293.8986451155738","0.0","-3954","274.0535946511619"
"1940507895","true","2013-01-25 07:29:35.000","5.731692799","-65.67665331","267011-2660215.2","true","1213","1","gps","Thalassoica antarctica","4181995GPS","4181995","At-sea distribution Antarctic Petrel, Antarctica 2012 (data from Descamps et al. 2016)","281.8377006742123","0.0","-4060","274.05211401684255"
"1940507896","true","2013-01-25 07:59:35.000","5.755005455","-65.70944321","267721.3203-2656414.712","true","1213","1","gps","Thalassoica antarctica","4181995GPS","4181995","At-sea distribution Antarctic Petrel, Antarctica 2012 (data from Descamps et al. 2016)","266.53157280479047","0.0","-4072","274.04521301735224"
"1940507897","true","2013-01-25 08:29:35.000","5.715295877","-65.70695252","265908.2585-2656880.038","true","1213","1","gps","Thalassoica antarctica","4181995GPS","4181995","At-sea distribution Antarctic Petrel, Antarctica 2012 (data from Descamps et al. 2016)","273.4471732788483","0.0","-4043","274.04617582928984"
"1940507898","true","2013-01-25 08:59:35.000","5.721345197","-65.73062066","265921.81-2654187.38","true","1213","1","gps","Thalassoica antarctica","4181995GPS","4181995","At-sea distribution Antarctic Petrel, Antarctica 2012 (data from Descamps et al. 2016)","264.57184924865396","0.0","-4052","274.04133399234536"
"1940507899","true","2013-01-25 09:29:35.000","5.61654935","-65.69756966","261432.7674-2658390.953","true","1213","1","gps","Thalassoica antarctica","4181995GPS","4181995","At-sea distribution Antarctic Petrel, Antarctica 2012 (data from Descamps et al. 2016)","287.6057909887903","0.0","-3981","274.04922021953286"
"1940507900","true","2013-01-25 09:59:35.000","5.618033108","-65.69689833","261509.0467-2658459.78","true","1213","1","gps","Thalassoica antarctica","4181995GPS","4181995","At-sea distribution Antarctic Petrel, Antarctica 2012 (data from Descamps et al. 2016)","287.72638438528554","0.0","-3981","274.04933547437514"
"1940507901","true","2013-01-25 10:29:35.000","5.545075875","-65.62169236","258946.1042-2667261.729","true","1213","1","gps","Thalassoica antarctica","4181995GPS","4181995","At-sea distribution Antarctic Petrel, Antarctica 2012 (data from Descamps et al. 2016)","308.4628643625806","0.0","-3940","274.06513100491003"
"1940507902","true","2013-01-25 10:59:35.000","5.472475261","-65.51088617","256762.4479-2680074.531","true","1213","1","gps","Thalassoica antarctica","4181995GPS","4181995","At-sea distribution Antarctic Petrel, Antarctica 2012 (data from Descamps et al. 2016)","320.0661178405827","0.0","-4186","274.08839568011814"
"1940507903","true","2013-01-25 11:29:35.000","5.386103067","-65.4171407","253718.5455-2691028.249","true","1213","1","gps","Thalassoica antarctica","4181995GPS","4181995","At-sea distribution Antarctic Petrel, Antarctica 2012 (data from Descamps et al. 2016)","320.64668979632745","0.0","-3800","274.1101514314034"
"1940507904","true","2013-01-25 11:59:35.000","5.382704004","-65.42227572","253504.3387-2690464.231","true","1213","1","gps","Thalassoica antarctica","4181995GPS","4181995","At-sea distribution Antarctic Petrel, Antarctica 2012 (data from Descamps et al. 2016)","319.5111728703425","0.0","-3800","274.1090312840527"
"1940507905","true","2013-01-25 12:29:35.000","5.405795235","-65.41189488","254699.3967-2691532.438","true","1213","1","gps","Thalassoica antarctica","4181995GPS","4181995","At-sea distribution Antarctic Petrel, Antarctica 2012 (data from Descamps et al. 2016)","322.177795422718","0.0","-3817","274.11085453415745"
"1940507906","true","2013-01-25 12:59:35.000","5.385235383","-65.41988847","253648.5828-2690722.231","true","1213","1","gps","Thalassoica antarctica","4181995GPS","4181995","At-sea distribution Antarctic Petrel, Antarctica 2012 (data from Descamps et al. 2016)","320.0444495028761","0.0","-3800","274.1095298244052"
"1940507907","true","2013-01-25 13:29:35.000","5.567021763","-65.53080135","260965.8668-2677402.916","true","1213","1","gps","Thalassoica antarctica","4181995GPS","4181995","At-sea distribution Antarctic Petrel, Antarctica 2012 (data from Descamps et al. 2016)","311.750225846617","0.0","-4198","274.0831297559569"
"1940507908","true","2013-01-25 13:59:35.000","5.772590542","-65.6449102","269271.1087-2663598.011","true","1213","1","gps","Thalassoica antarctica","4181995GPS","4181995","At-sea distribution Antarctic Petrel, Antarctica 2012 (data from Descamps et al. 2016)","291.5800374745669","0.0","-4071","274.0581090332459"
"1940507909","true","2013-01-25 14:29:35.000","6.122889922","-65.76479214","284104.0677-2648414.719","true","1213","1","gps","Thalassoica antarctica","4181995GPS","4181995","At-sea distribution Antarctic Petrel, Antarctica 2012 (data from Descamps et al. 2016)","269.7214907388999","0.0","-4161","273.979597900388"
"1940507910","true","2013-01-25 14:59:35.000","6.467179374","-65.87354466","298627.7-2634437.771","true","1213","1","gps","Thalassoica antarctica","4181995GPS","4181995","At-sea distribution Antarctic Petrel, Antarctica 2012 (data from Descamps et al. 2016)","364.1406218896961","0.0","-4056","273.9514878416837"
"1940507911","true","2013-01-25 15:29:35.000","6.798396575","-65.97604874","312479.9883-2621159.81","true","1213","1","gps","Thalassoica antarctica","4181995GPS","4181995","At-sea distribution Antarctic Petrel, Antarctica 2012 (data from Descamps et al. 2016)","361.30307422864917","0.0","-4198","273.88266178839757"
"1940507912","true","2013-01-25 15:59:35.000","7.117988005","-66.06672726","325825.746-2609206.46","true","1213","1","gps","Thalassoica antarctica","4181995GPS","4181995","At-sea distribution Antarctic Petrel, Antarctica 2012 (data from Descamps et al. 2016)","438.3607464788179","0.0","-4088","273.7810971186263"
"1940507913","true","2013-01-25 16:29:35.000","7.409731785","-66.17751723","337493-2595101","true","1213","1","gps","Thalassoica antarctica","4181995GPS","4181995","At-sea distribution Antarctic Petrel, Antarctica 2012 (data from Descamps et al. 2016)","429.7703812092178","0.0","-4261","273.7447606235077"
"1940507914","true","2013-01-25 16:59:35.000","7.614451797","-66.26743243","345417.6129-2583813.065","true","1213","1","gps","Thalassoica antarctica","4181995GPS","4181995","At-sea distribution Antarctic Petrel, Antarctica 2012 (data from Descamps et al. 2016)","393.54473657697895","0.0","-4225","273.6116936926651"
"1940507915","true","2013-01-25 17:29:35.000","7.87299723","-66.36479641","355567.6819-2571339.02","true","1213","1","gps","Thalassoica antarctica","4181995GPS","4181995","At-sea distribution Antarctic Petrel, Antarctica 2012 (data from Descamps et al. 2016)","326.97617840284323","0.0","-4247","273.56441941246425"
"1940507916","true","2013-01-25 17:59:35.000","7.951439314","-66.42860899","358091.3375-2563716.48","true","1213","1","gps","Thalassoica antarctica","4181995GPS","4181995","At-sea distribution Antarctic Petrel, Antarctica 2012 (data from Descamps et al. 2016)","311.43677403103527","0.0","-4396","273.53572832770175"
"1940507917","true","2013-01-25 18:29:35.000","7.962228704","-66.43089424","358538.38-2563393.58","true","1213","1","gps","Thalassoica antarctica","4181995GPS","4181995","At-sea distribution Antarctic Petrel, Antarctica 2012 (data from Descamps et al. 2016)","307.0610201604236","0.0","-4400","273.53447682801874"
"1940507918","true","2013-01-25 18:59:35.000","8.069511547","-66.5355551","361679.7843-2551025.102","true","1213","1","gps","Thalassoica antarctica","4181995GPS","4181995","At-sea distribution Antarctic Petrel, Antarctica 2012 (data from Descamps et al. 2016)","270.36551471070527","0.0","-3776","273.48561887243017"
"1940507919","true","2013-01-25 19:29:35.000","8.093376847","-66.61401407","361496.3333-2542112.167","true","1213","1","gps","Thalassoica antarctica","4181995GPS","4181995","At-sea distribution Antarctic Petrel, Antarctica 2012 (data from Descamps et al. 2016)","270.5222611785618","0.0","-2958","273.4460804138967"
"1940507920","true","2013-01-25 19:59:35.000","8.119614177","-66.6124409","362685.4595-2542122.013","true","1213","1","gps","Thalassoica antarctica","4181995GPS","4181995","At-sea distribution Antarctic Petrel, Antarctica 2012 (data from Descamps et al. 2016)","270.1119181002057","0.0","-3088","273.44476331478717"
"1940507921","true","2013-01-25 20:29:35.000","8.137580056","-66.63363408","363144.2248-2539642.029","true","1213","1","gps","Thalassoica antarctica","4181995GPS","4181995","At-sea distribution Antarctic Petrel, Antarctica 2012 (data from Descamps et al. 2016)","263.21554244082785","0.0","-3222","273.4310325037875"
"1940507922","true","2013-01-25 20:59:35.000","8.143224129","-66.64287964","363246.7045-2538574.084","true","1213","1","gps","Thalassoica antarctica","4181995GPS","4181995","At-sea distribution Antarctic Petrel, Antarctica 2012 (data from Descamps et al. 2016)","260.8118500317721","0.0","-3420","273.4247725395647"
"1940507923","true","2013-01-25 21:29:35.000","8.052036749","-66.63051411","359401.3909-2540529.772","true","1213","1","gps","Thalassoica antarctica","4181995GPS","4181995","At-sea distribution Antarctic Petrel, Antarctica 2012 (data from Descamps et al. 2016)","272.91562856289164","0.0","-2614","273.4418317163559"
"1940507924","true","2013-01-25 21:59:35.000","8.07809254","-66.61589239","360788.4137-2541998.765","true","1213","1","gps","Thalassoica antarctica","4181995GPS","4181995","At-sea distribution Antarctic Petrel, Antarctica 2012 (data from Descamps et al. 2016)","271.38056535106216","0.0","-2815","273.446477419737"
"1940507925","true","2013-01-25 22:29:35.000","7.988451047","-66.62281247","356702.4528-2541787.228","true","1213","1","gps","Thalassoica antarctica","4181995GPS","4181995","At-sea distribution Antarctic Petrel, Antarctica 2012 (data from Descamps et al. 2016)","277.86389560172813","0.0","-2171","273.45238032616896"
"1940507926","true","2013-01-25 22:59:35.000","7.882639136","-66.6849606","351046.5957-2535499.449","true","1213","1","gps","Thalassoica antarctica","4181995GPS","4181995","At-sea distribution Antarctic Petrel, Antarctica 2012 (data from Descamps et al. 2016)","276.5497128101706","0.0","-3122","273.4459257337905"
"1940507927","true","2013-01-25 23:29:35.000","7.710171949","-66.73872864","342599.5444-2530537.284","true","1213","1","gps","Thalassoica antarctica","4181995GPS","4181995","At-sea distribution Antarctic Petrel, Antarctica 2012 (data from Descamps et al. 2016)","270.58640097130984","0.0","-4231","273.45700227608137"
"1940507928","true","2013-01-25 23:59:35.000","7.559447627","-66.69778319","336548.75-2536006.026","true","1213","1","gps","Thalassoica antarctica","4181995GPS","4181995","At-sea distribution Antarctic Petrel, Antarctica 2012 (data from Descamps et al. 2016)","278.0182130217386","0.0","-4286","273.46474878432423"
"1940507929","true","2013-01-26 00:29:35.000","7.413125538","-66.65784032","330652.3156-2541323.551","true","1213","1","gps","Thalassoica antarctica","4181995GPS","4181995","At-sea distribution Antarctic Petrel, Antarctica 2012 (data from Descamps et al. 2016)","287.5599006087662","0.0","-4407","273.5484913665339"
"1940507930","true","2013-01-26 00:59:35.000","7.185975374","-66.61174484","321224.9032-2547772.129","true","1213","1","gps","Thalassoica antarctica","4181995GPS","4181995","At-sea distribution Antarctic Petrel, Antarctica 2012 (data from Descamps et al. 2016)","308.56596267781003","0.0","-4275","273.5884308724712"
"1940507931","true","2013-01-26 01:29:35.000","7.287191668","-66.56996758","326322.899-2551874.863","true","1213","1","gps","Thalassoica antarctica","4181995GPS","4181995","At-sea distribution Antarctic Petrel, Antarctica 2012 (data from Descamps et al. 2016)","317.95465038330985","0.0","-4258","273.59172309415015"
"1940507932","true","2013-01-26 01:59:35.000","7.545873625","-66.58893738","337559.8767-2548254.322","true","1213","1","gps","Thalassoica antarctica","4181995GPS","4181995","At-sea distribution Antarctic Petrel, Antarctica 2012 (data from Descamps et al. 2016)","301.47832384046416","0.0","-4211","273.478802868111"
"1940507933","true","2013-01-26 02:29:35.000","7.59379767","-66.57661821","339874.8312-2549348.468","true","1213","1","gps","Thalassoica antarctica","4181995GPS","4181995","At-sea distribution Antarctic Petrel, Antarctica 2012 (data from Descamps et al. 2016)","302.7784755773464","0.0","-4003","273.4771504598199"
"1940507934","true","2013-01-26 02:59:35.000","7.553603295","-66.56430154","338268.9529-2550963.562","true","1213","1","gps","Thalassoica antarctica","4181995GPS","4181995","At-sea distribution Antarctic Petrel, Antarctica 2012 (data from Descamps et al. 2016)","304.9856282880175","0.0","-4224","273.4787112696905"
"1940507935","true","2013-01-26 03:29:35.000","7.469813711","-66.50144408","335459.9609-2558486.73","true","1213","1","gps","Thalassoica antarctica","4181995GPS","4181995","At-sea distribution Antarctic Petrel, Antarctica 2012 (data from Descamps et al. 2016)","329.0719359479222","0.0","-4343","273.5939233336593"
"1940507936","true","2013-01-26 03:59:35.000","7.472892069","-66.42197883","336763.6781-2567359.805","true","1213","1","gps","Thalassoica antarctica","4181995GPS","4181995","At-sea distribution Antarctic Petrel, Antarctica 2012 (data from Descamps et al. 2016)","331.38775044364525","0.0","-4294","273.61683430650265"
"1940507937","true","2013-01-26 04:29:35.000","7.465148377","-66.3897991","336888.5741-2571006.546","true","1213","1","gps","Thalassoica antarctica","4181995GPS","4181995","At-sea distribution Antarctic Petrel, Antarctica 2012 (data from Descamps et al. 2016)","327.16083225108633","0.0","-4296","273.6220874902012"
"1940507938","true","2013-01-26 04:59:35.000","7.383408661","-66.35190016","333770.1333-2575727.147","true","1213","1","gps","Thalassoica antarctica","4181995GPS","4181995","At-sea distribution Antarctic Petrel, Antarctica 2012 (data from Descamps et al. 2016)","345.02351002631656","0.0","-4283","273.62968178743233"
"1940507939","true","2013-01-26 05:29:35.000","7.214036351","-66.30563058","326810.5448-2581884.935","true","1213","1","gps","Thalassoica antarctica","4181995GPS","4181995","At-sea distribution Antarctic Petrel, Antarctica 2012 (data from Descamps et al. 2016)","378.7234208515113","0.0","-4275","273.6409501952438"
"1940507940","true","2013-01-26 05:59:35.000","7.221615131","-66.26949319","327665-2585889.74","true","1213","1","gps","Thalassoica antarctica","4181995GPS","4181995","At-sea distribution Antarctic Petrel, Antarctica 2012 (data from Descamps et al. 2016)","387.64995021807766","0.0","-4272","273.6453934965899"
"1940507941","true","2013-01-26 06:29:35.000","7.099783208","-66.27834896","322042.1131-2585588.307","true","1213","1","gps","Thalassoica antarctica","4181995GPS","4181995","At-sea distribution Antarctic Petrel, Antarctica 2012 (data from Descamps et al. 2016)","434.8811165319911","0.0","-4248","273.6451310244593"
"1940507942","true","2013-01-26 06:59:35.000","6.987489286","-66.32146436","316381.786-2581382.537","true","1213","1","gps","Thalassoica antarctica","4181995GPS","4181995","At-sea distribution Antarctic Petrel, Antarctica 2012 (data from Descamps et al. 2016)","383.30166666815643","0.0","-4195","273.6341320800181"
"1940507943","true","2013-01-26 07:29:35.000","6.938918623","-66.40814167","313011.3189-2571937.04","true","1213","1","gps","Thalassoica antarctica","4181995GPS","4181995","At-sea distribution Antarctic Petrel, Antarctica 2012 (data from Descamps et al. 2016)","293.9880339940037","0.0","-4271","273.6090871744669"
"1940507944","true","2013-01-26 07:59:35.000","7.184624874","-66.43288765","323688.5628-2567800.145","true","1213","1","gps","Thalassoica antarctica","4181995GPS","4181995","At-sea distribution Antarctic Petrel, Antarctica 2012 (data from Descamps et al. 2016)","323.45451474109376","0.0","-4259","273.59682034847947"
"1940507945","true","2013-01-26 08:29:35.000","7.361520628","-66.51234875","330466-2557896","true","1213","1","gps","Thalassoica antarctica","4181995GPS","4181995","At-sea distribution Antarctic Petrel, Antarctica 2012 (data from Descamps et al. 2016)","326.4942624278459","0.0","-4321","273.56752135537494"
"1940507946","true","2013-01-26 08:59:35.000","7.624301407","-66.5414348","341758.6164-2553100.997","true","1213","1","gps","Thalassoica antarctica","4181995GPS","4181995","At-sea distribution Antarctic Petrel, Antarctica 2012 (data from Descamps et al. 2016)","305.4282581319777","0.0","-4110","273.4620834236154"
"1940507947","true","2013-01-26 09:29:35.000","7.828501591","-66.60776951","349836.3984-2544453.911","true","1213","1","gps","Thalassoica antarctica","4181995GPS","4181995","At-sea distribution Antarctic Petrel, Antarctica 2012 (data from Descamps et al. 2016)","284.82086115471003","0.0","-2315","273.4365213869659"
"1940507948","true","2013-01-26 09:59:35.000","7.919287943","-66.72008871","352122.6379-2531351.448","true","1213","1","gps","Thalassoica antarctica","4181995GPS","4181995","At-sea distribution Antarctic Petrel, Antarctica 2012 (data from Descamps et al. 2016)","278.10343846374906","0.0","-3743","273.4045773154339"
"1940507949","true","2013-01-26 10:29:35.000","7.974308854","-66.82815184","352863.4429-2518948.779","true","1213","1","gps","Thalassoica antarctica","4181995GPS","4181995","At-sea distribution Antarctic Petrel, Antarctica 2012 (data from Descamps et al. 2016)","289.9502492225957","0.05055465190926024","-4252","273.0948306362291"
"1940507950","true","2013-01-26 10:59:35.000","7.975736579","-66.82764406","352934.1516-2518996.658","true","1213","1","gps","Thalassoica antarctica","4181995GPS","4181995","At-sea distribution Antarctic Petrel, Antarctica 2012 (data from Descamps et al. 2016)","290.04060899338","0.050411122818933445","-4222","273.09537617189625"
"1940507951","true","2013-01-26 11:29:35.000","7.976199653","-66.82748904","352956.9349-2519011.107","true","1213","1","gps","Thalassoica antarctica","4181995GPS","4181995","At-sea distribution Antarctic Petrel, Antarctica 2012 (data from Descamps et al. 2016)","290.0628078895952","0.05036628598700275","-4222","273.09554489701753"
"1940507952","true","2013-01-26 11:59:35.000","7.975399673","-66.82702628","352929-2519067.685","true","1213","1","gps","Thalassoica antarctica","4181995GPS","4181995","At-sea distribution Antarctic Petrel, Antarctica 2012 (data from Descamps et al. 2016)","290.16403894239187","0.05030087705068185","-4222","273.0959251799092"
"1940507953","true","2013-01-26 12:29:35.000","7.964476419","-66.91134036","351132.2941-2509725.588","true","1213","1","gps","Thalassoica antarctica","4181995GPS","4181995","At-sea distribution Antarctic Petrel, Antarctica 2012 (data from Descamps et al. 2016)","272.83549804783445","0.0702984315223766","-4060","273.0003406070944"
"1940507954","true","2013-01-26 12:59:35.000","7.883752368","-67.04253437","345568.9603-2495579.278","true","1213","1","gps","Thalassoica antarctica","4181995GPS","4181995","At-sea distribution Antarctic Petrel, Antarctica 2012 (data from Descamps et al. 2016)","259.99917263023207","0.10795137415446608","-4005","272.8142398972153"
"1940507955","true","2013-01-26 13:29:35.000","7.832709856","-67.08925744","342628.5728-2490673.761","true","1213","1","gps","Thalassoica antarctica","4181995GPS","4181995","At-sea distribution Antarctic Petrel, Antarctica 2012 (data from Descamps et al. 2016)","229.75538658454346","0.12209397599068542","-3975","272.7429952253283"
"1940507956","true","2013-01-26 13:59:35.000","7.87428289","-67.07586848","344642.228-2491917.924","true","1213","1","gps","Thalassoica antarctica","4181995GPS","4181995","At-sea distribution Antarctic Petrel, Antarctica 2012 (data from Descamps et al. 2016)","236.41525417109995","0.11807852476703859","-3952","272.7630799625"
"1940507957","true","2013-01-26 14:29:35.000","7.869594501","-67.07776148","344409.1328-2491734.963","true","1213","1","gps","Thalassoica antarctica","4181995GPS","4181995","At-sea distribution Antarctic Petrel, Antarctica 2012 (data from Descamps et al. 2016)","235.4513937162981","0.1186483626001872","-3952","272.7602310201006"
"1940507958","true","2013-01-26 14:59:35.000","7.835693077","-67.06282233","343164.0824-2493604.871","true","1213","1","gps","Thalassoica antarctica","4181995GPS","4181995","At-sea distribution Antarctic Petrel, Antarctica 2012 (data from Descamps et al. 2016)","241.80491981058736","0.11402772555761159","-4005","272.7839986697721"
"1940507959","true","2013-01-26 15:29:35.000","7.829216679","-67.06210639","342893.1993-2493723.515","true","1213","1","gps","Thalassoica antarctica","4181995GPS","4181995","At-sea distribution Antarctic Petrel, Antarctica 2012 (data from Descamps et al. 2016)","241.72408330703115","0.1137997549705533","-4005","272.7852259248028"
"1940507960","true","2013-01-26 15:59:35.000","7.854775451","-67.05538579","344109.0066-2494320.03","true","1213","1","gps","Thalassoica antarctica","4181995GPS","4181995","At-sea distribution Antarctic Petrel, Antarctica 2012 (data from Descamps et al. 2016)","247.02356755571574","0.1117980507347353","-4023","272.7951187192521"
"1940507961","true","2013-01-26 16:29:35.000","7.848432308","-67.0560786","343822.2075-2494280.821","true","1213","1","gps","Thalassoica antarctica","4181995GPS","4181995","At-sea distribution Antarctic Petrel, Antarctica 2012 (data from Descamps et al. 2016)","245.92848847869678","0.11199819421893996","-4023","272.79417608557395"
"1940507962","true","2013-01-26 16:59:35.000","7.84293652","-67.05520049","343596.4497-2494411.752","true","1213","1","gps","Thalassoica antarctica","4181995GPS","4181995","At-sea distribution Antarctic Petrel, Antarctica 2012 (data from Descamps et al. 2016)","245.69471791185478","0.11172293510280756","-4023","272.79563868901096"
"1940507963","true","2013-01-26 17:29:35.000","7.837833477","-67.0535087","343400.2648-2494631.084","true","1213","1","gps","Thalassoica antarctica","4181995GPS","4181995","At-sea distribution Antarctic Petrel, Antarctica 2012 (data from Descamps et al. 2016)","245.72817918231752","0.11120188084588863","-4031","272.7983484805731"
"1940507964","true","2013-01-26 17:59:35.000","7.815844402","-67.06612968","342249.5672-2493354.62","true","1213","1","gps","Thalassoica antarctica","4181995GPS","4181995","At-sea distribution Antarctic Petrel, Antarctica 2012 (data from Descamps et al. 2016)","239.6467305260139","0.1150030735897226","-4015","272.7792308326357"
"1940507965","true","2013-01-26 18:29:35.000","7.750848148","-67.0863552","339113.732-2491484.562","true","1213","1","gps","Thalassoica antarctica","4181995GPS","4181995","At-sea distribution Antarctic Petrel, Antarctica 2012 (data from Descamps et al. 2016)","237.93721498373122","0.12106418040350665","-4022","272.74875107513384"
"1940507966","true","2013-01-26 18:59:35.000","7.70643184","-67.08870002","337146.7987-2491485.052","true","1213","1","gps","Thalassoica antarctica","4181995GPS","4181995","At-sea distribution Antarctic Petrel, Antarctica 2012 (data from Descamps et al. 2016)","248.52553924257657","0.12171792484655124","-4034","272.7456468570145"
"1940507967","true","2013-01-26 19:29:35.000","7.685535537","-67.08474944","336297.6-2492048.693","true","1213","1","gps","Thalassoica antarctica","4181995GPS","4181995","At-sea distribution Antarctic Petrel, Antarctica 2012 (data from Descamps et al. 2016)","248.71782314443612","0.12050210008610455","-4037","272.75203044563654"
"1940507968","true","2013-01-26 19:59:35.000","7.681846776","-67.08616732","336115.8171-2491912.116","true","1213","1","gps","Thalassoica antarctica","4181995GPS","4181995","At-sea distribution Antarctic Petrel, Antarctica 2012 (data from Descamps et al. 2016)","248.77862780431641","0.12092733322397","-4037","272.7498571263836"
"1940507969","true","2013-01-26 20:29:35.000","7.679384179","-67.09014493","335948.8627-2491482.693","true","1213","1","gps","Thalassoica antarctica","4181995GPS","4181995","At-sea distribution Antarctic Petrel, Antarctica 2012 (data from Descamps et al. 2016)","248.82173703712098","0.12212628583145342","-4037","272.74368249285743"
"1940507970","true","2013-01-26 20:59:35.000","7.678984172","-67.09177227","335906.9839-2491303.444","true","1213","1","gps","Thalassoica antarctica","4181995GPS","4181995","At-sea distribution Antarctic Petrel, Antarctica 2012 (data from Descamps et al. 2016)","248.84024761690446","0.12261729063932805","-4026","272.74115044387366"
"1940507971","true","2013-01-26 21:29:35.000","7.675038922","-67.09288519","335718.7015-2491202.375","true","1213","1","gps","Thalassoica antarctica","4181995GPS","4181995","At-sea distribution Antarctic Petrel, Antarctica 2012 (data from Descamps et al. 2016)","248.89338548685552","0.12294923436020634","-4026","272.7394555691847"
"1940507972","true","2013-01-26 21:59:35.000","7.66949466","-67.09153787","335497.8839-2491385.2","true","1213","1","gps","Thalassoica antarctica","4181995GPS","4181995","At-sea distribution Antarctic Petrel, Antarctica 2012 (data from Descamps et al. 2016)","248.96953768605147","0.12253735071551598","-4039","272.74160822779913"
"1940507973","true","2013-01-26 22:29:35.000","7.664872975","-67.09035003","335314.7582-2491544.81","true","1213","1","gps","Thalassoica antarctica","4181995GPS","4181995","At-sea distribution Antarctic Petrel, Antarctica 2012 (data from Descamps et al. 2016)","249.03697620491647","0.12217522715204825","-4039","272.7435011708311"
"1940507974","true","2013-01-26 22:59:35.000","7.660020064","-67.0896822","335113.7484-2491647.729","true","1213","1","gps","Thalassoica antarctica","4181995GPS","4181995","At-sea distribution Antarctic Petrel, Antarctica 2012 (data from Descamps et al. 2016)","249.10596622168705","0.12197023978803662","-4039","272.7445843062125"
"1940507975","true","2013-01-26 23:29:35.000","7.656458522","-67.08869897","334973.6159-2491778.28","true","1213","1","gps","Thalassoica antarctica","4181995GPS","4181995","At-sea distribution Antarctic Petrel, Antarctica 2012 (data from Descamps et al. 2016)","249.1639240175224","0.12167171889276562","-4042","272.7461454627822"
"1940507976","true","2013-01-26 23:59:35.000","7.653566543","-67.08794723","334859.1176-2491879.078","true","1213","1","gps","Thalassoica antarctica","4181995GPS","4181995","At-sea distribution Antarctic Petrel, Antarctica 2012 (data from Descamps et al. 2016)","249.21491525001963","0.12144368709263546","-4042","272.7473394596812"
"1940507977","true","2013-01-27 00:29:35.000","7.67786857","-67.09581751","335797.6208-2490858.577","true","1213","1","gps","Thalassoica antarctica","4181995GPS","4181995","At-sea distribution Antarctic Petrel, Antarctica 2012 (data from Descamps et al. 2016)","248.95749453549658","0.12251877145885273","-4026","272.7212065922903"
"1940507978","true","2013-01-27 00:59:35.000","7.718770828","-67.10723776","337403-2489344","true","1213","1","gps","Thalassoica antarctica","4181995GPS","4181995","At-sea distribution Antarctic Petrel, Antarctica 2012 (data from Descamps et al. 2016)","239.01783201409546","0.12462627140535884","-4014","272.6894242700162"
"1940507979","true","2013-01-27 01:29:35.000","7.546512377","-67.10890593","329892.6634-2490160.944","true","1213","1","gps","Thalassoica antarctica","4181995GPS","4181995","At-sea distribution Antarctic Petrel, Antarctica 2012 (data from Descamps et al. 2016)","254.49413761689289","0.12351872497747288","-4096","272.67492316555644"
"1940507980","true","2013-01-27 01:59:35.000","7.538633412","-67.11176245","329508.0333-2489887.442","true","1213","1","gps","Thalassoica antarctica","4181995GPS","4181995","At-sea distribution Antarctic Petrel, Antarctica 2012 (data from Descamps et al. 2016)","255.71668347503345","0.122942443957719","-4104","272.6571468070222"
"1940507981","true","2013-01-27 02:29:35.000","7.537921863","-67.11099641","329488.4262-2489977.039","true","1213","1","gps","Thalassoica antarctica","4181995GPS","4181995","At-sea distribution Antarctic Petrel, Antarctica 2012 (data from Descamps et al. 2016)","255.75666195849735","0.12134585831850986","-4104","272.6446833914318"
"1940507982","true","2013-01-27 02:59:35.000","7.538401182","-67.10900015","329538.7435-2490197.104","true","1213","1","gps","Thalassoica antarctica","4181995GPS","4181995","At-sea distribution Antarctic Petrel, Antarctica 2012 (data from Descamps et al. 2016)","255.8195168096375","0.11941677149348544","-4104","272.63395902993767"
"1940507983","true","2013-01-27 03:29:35.000","7.493879634","-67.12666793","327344.2092-2488480.199","true","1213","1","gps","Thalassoica antarctica","4181995GPS","4181995","At-sea distribution Antarctic Petrel, Antarctica 2012 (data from Descamps et al. 2016)","250.78040796420808","0.10193567080717235","-4116","272.672384001032"
"1940507984","true","2013-01-27 03:59:35.000","7.377547477","-67.17510688","321590.7613-2483731.729","true","1213","1","gps","Thalassoica antarctica","4181995GPS","4181995","At-sea distribution Antarctic Petrel, Antarctica 2012 (data from Descamps et al. 2016)","249.51609632886434","0.11198379528536477","-3982","272.58848322574363"
"1940507985","true","2013-01-27 04:29:35.000","7.39395211","-67.19297593","322043.026-2481644.857","true","1213","1","gps","Thalassoica antarctica","4181995GPS","4181995","At-sea distribution Antarctic Petrel, Antarctica 2012 (data from Descamps et al. 2016)","248.3643185637395","0.1153472073312644","-3998","272.54984841540113"
"1940507986","true","2013-01-27 04:59:35.000","7.418520811","-67.19811608","323032.4341-2480932.804","true","1213","1","gps","Thalassoica antarctica","4181995GPS","4181995","At-sea distribution Antarctic Petrel, Antarctica 2012 (data from Descamps et al. 2016)","247.2894753459119","0.11568043695222129","-4010","272.5305297186387"
"1940507987","true","2013-01-27 05:29:35.000","7.41676915","-67.19449207","323009.2425-2481347.183","true","1213","1","gps","Thalassoica antarctica","4181995GPS","4181995","At-sea distribution Antarctic Petrel, Antarctica 2012 (data from Descamps et al. 2016)","247.63454691638762","0.11382874144537052","-4010","272.52392689024583"
"1940507988","true","2013-01-27 05:59:35.000","7.369593974","-67.18476181","321106.5743-2482698.508","true","1213","1","gps","Thalassoica antarctica","4181995GPS","4181995","At-sea distribution Antarctic Petrel, Antarctica 2012 (data from Descamps et al. 2016)","247.46534147715218","0.11040062983536351","-3960","272.5259363556154"
"1940507989","true","2013-01-27 06:29:35.000","7.364449119","-67.18215276","320921.2848-2483018.596","true","1213","1","gps","Thalassoica antarctica","4181995GPS","4181995","At-sea distribution Antarctic Petrel, Antarctica 2012 (data from Descamps et al. 2016)","247.50296354978266","0.10976471735440228","-3960","272.5295336667907"
"1940507990","true","2013-01-27 06:59:35.000","7.362501052","-67.17894788","320883.0915-2483387.291","true","1213","1","gps","Thalassoica antarctica","4181995GPS","4181995","At-sea distribution Antarctic Petrel, Antarctica 2012 (data from Descamps et al. 2016)","247.67856185767926","0.10902116033373145","-3960","272.53415120536283"
"1940507991","true","2013-01-27 07:29:35.000","7.361591378","-67.17644651","320879.7412-2483671.636","true","1213","1","gps","Thalassoica antarctica","4181995GPS","4181995","At-sea distribution Antarctic Petrel, Antarctica 2012 (data from Descamps et al. 2016)","247.85661138899334","0.10844423479350655","-3960","272.53775431393166"
"1940507992","true","2013-01-27 07:59:35.000","7.455621806","-67.19371813","324703.0904-2481213.956","true","1213","1","gps","Thalassoica antarctica","4181995GPS","4181995","At-sea distribution Antarctic Petrel, Antarctica 2012 (data from Descamps et al. 2016)","246.54268620506068","0.11276631417953077","-4025","272.51324459958"
"1940507993","true","2013-01-27 08:29:35.000","7.480862791","-67.20473663","325634.6571-2479841","true","1213","1","gps","Thalassoica antarctica","4181995GPS","4181995","At-sea distribution Antarctic Petrel, Antarctica 2012 (data from Descamps et al. 2016)","236.52162253707215","0.11536834557502114","-4027","272.4979273273843"
"1940507994","true","2013-01-27 08:59:35.000","7.473229027","-67.20305784","325328.831-2480071.718","true","1213","1","gps","Thalassoica antarctica","4181995GPS","4181995","At-sea distribution Antarctic Petrel, Antarctica 2012 (data from Descamps et al. 2016)","237.8833863985217","0.11496571468015833","-4028","272.50019262951764"
"1940507995","true","2013-01-27 09:29:35.000","7.466342591","-67.20154946","325052.8081-2480279.141","true","1213","1","gps","Thalassoica antarctica","4181995GPS","4181995","At-sea distribution Antarctic Petrel, Antarctica 2012 (data from Descamps et al. 2016)","238.56704450522312","0.11460226096677527","-4028","272.5022405538232"
"1940507996","true","2013-01-27 09:59:35.000","7.459946374","-67.20081639","324786.6329-2480397.228","true","1213","1","gps","Thalassoica antarctica","4181995GPS","4181995","At-sea distribution Antarctic Petrel, Antarctica 2012 (data from Descamps et al. 2016)","238.9495971186013","0.11441805074134732","-4028","272.5032043286255"
"1940507997","true","2013-01-27 10:29:35.000","7.454586952","-67.20096609","324552.4302-2480410.891","true","1213","1","gps","Thalassoica antarctica","4181995GPS","4181995","At-sea distribution Antarctic Petrel, Antarctica 2012 (data from Descamps et al. 2016)","245.02241925879736","0.11443964820699329","-4025","272.5029314986894"
"1940507998","true","2013-01-27 10:59:35.000","7.450146418","-67.20171307","324349.2907-2480352.668","true","1213","1","gps","Thalassoica antarctica","4181995GPS","4181995","At-sea distribution Antarctic Petrel, Antarctica 2012 (data from Descamps et al. 2016)","245.03160521727887","0.11460124633186178","-4025","272.50182126226105"
"1940507999","true","2013-01-27 11:29:35.000","7.448744202","-67.20246216","324277.6574-2480277","true","1213","1","gps","Thalassoica antarctica","4181995GPS","4181995","At-sea distribution Antarctic Petrel, Antarctica 2012 (data from Descamps et al. 2016)","244.94625533841034","0.11477117293402136","-4025","272.50074000973024"
"1940508000","true","2013-01-27 11:59:35.000","7.448505493","-67.2030973","324258.0565-2480207.465","true","1213","1","gps","Thalassoica antarctica","4181995GPS","4181995","At-sea distribution Antarctic Petrel, Antarctica 2012 (data from Descamps et al. 2016)","244.82171173060559","0.11491785426541071","-4025","272.49983292693196"
"1940508001","true","2013-01-27 12:29:35.000","7.449856272","-67.2036922","324307.8466-2480133.425","true","1213","1","gps","Thalassoica antarctica","4181995GPS","4181995","At-sea distribution Antarctic Petrel, Antarctica 2012 (data from Descamps et al. 2016)","244.57578636393544","0.11505952623280111","-4025","272.4990001546377"
"1940508002","true","2013-01-27 12:59:35.000","7.503458064","-67.26075075","325789.3518-2473462.215","true","1213","1","gps","Thalassoica antarctica","4181995GPS","4181995","At-sea distribution Antarctic Petrel, Antarctica 2012 (data from Descamps et al. 2016)","226.82881246435787","0.1492251959071164","-3798","272.3514610351489"
"1940508003","true","2013-01-27 13:29:35.000","7.468000954","-67.31139093","323517.9801-2468013.375","true","1213","1","gps","Thalassoica antarctica","4181995GPS","4181995","At-sea distribution Antarctic Petrel, Antarctica 2012 (data from Descamps et al. 2016)","218.52863033069545","0.141375914843451","-3622","272.3438202397348"
"1940508004","true","2013-01-27 13:59:35.000","7.494271699","-67.41511869","323127.6052-2456295.468","true","1213","1","gps","Thalassoica antarctica","4181995GPS","4181995","At-sea distribution Antarctic Petrel, Antarctica 2012 (data from Descamps et al. 2016)","200.39025993850598","0.1738387706105602","-3656","272.1738459446148"
"1940508005","true","2013-01-27 14:29:35.000","7.651140343","-67.51136094","328410.3932-2444674.675","true","1213","1","gps","Thalassoica antarctica","4181995GPS","4181995","At-sea distribution Antarctic Petrel, Antarctica 2012 (data from Descamps et al. 2016)","182.8635606206093","0.27083601732432777","-3690","271.89476781181327"
"1940508006","true","2013-01-27 14:59:35.000","7.668253016","-67.51632152","329066.109-2444023.701","true","1213","1","gps","Thalassoica antarctica","4181995GPS","4181995","At-sea distribution Antarctic Petrel, Antarctica 2012 (data from Descamps et al. 2016)","181.19311725511355","0.2754086674533957","-3688","271.88897322427385"
"1940508007","true","2013-01-27 15:29:35.000","7.644795853","-67.52365127","327955.8507-2443341.406","true","1213","1","gps","Thalassoica antarctica","4181995GPS","4181995","At-sea distribution Antarctic Petrel, Antarctica 2012 (data from Descamps et al. 2016)","180.15244072680105","0.2723620968507898","-3690","271.89297446133975"
"1940508008","true","2013-01-27 15:59:35.000","7.752383312","-67.51499114","332674.6149-2443686.101","true","1213","1","gps","Thalassoica antarctica","4181995GPS","4181995","At-sea distribution Antarctic Petrel, Antarctica 2012 (data from Descamps et al. 2016)","173.80033166188798","0.2889540348420211","-3654","271.87119864990166"
"1940508009","true","2013-01-27 16:29:35.000","7.78349913","-67.51757344","333962.3447-2443217.399","true","1213","1","gps","Thalassoica antarctica","4181995GPS","4181995","At-sea distribution Antarctic Petrel, Antarctica 2012 (data from Descamps et al. 2016)","171.90534633768624","0.2927961919697549","-3630","271.8659839146693"
"1940508010","true","2013-01-27 16:59:35.000","7.754790933","-67.53786874","332430.2188-2441123.406","true","1213","1","gps","Thalassoica antarctica","4181995GPS","4181995","At-sea distribution Antarctic Petrel, Antarctica 2012 (data from Descamps et al. 2016)","165.98451591085845","0.2934257091024625","-3662","271.8657942335082"
"1940508011","true","2013-01-27 17:29:35.000","7.883754122","-67.57048448","337420.979-2436736.832","true","1213","1","gps","Thalassoica antarctica","4181995GPS","4181995","At-sea distribution Antarctic Petrel, Antarctica 2012 (data from Descamps et al. 2016)","163.90934010615322","0.3088103213487564","-3642","271.84514458255353"
"1940508012","true","2013-01-27 17:59:35.000","7.882744618","-67.57189679","337356.2712-2436585.508","true","1213","1","gps","Thalassoica antarctica","4181995GPS","4181995","At-sea distribution Antarctic Petrel, Antarctica 2012 (data from Descamps et al. 2016)","163.73298253005507","0.3091636202792788","-3642","271.8447589471901"
"1940508013","true","2013-01-27 18:29:35.000","7.87315878","-67.59524567","336589.0785-2434041.931","true","1213","1","gps","Thalassoica antarctica","4181995GPS","4181995","At-sea distribution Antarctic Petrel, Antarctica 2012 (data from Descamps et al. 2016)","159.1873701239256","0.3157419870394159","-3668","271.83736864635176"
"1940508014","true","2013-01-27 18:59:35.000","7.718095398","-67.59694887","329974.732-2434754.229","true","1213","1","gps","Thalassoica antarctica","4181995GPS","4181995","At-sea distribution Antarctic Petrel, Antarctica 2012 (data from Descamps et al. 2016)","161.34962080439004","0.30966889250371676","-3665","271.84685429096396"
"1940508015","true","2013-01-27 19:29:35.000","7.769353081","-67.58887426","332275.4716-2435357.388","true","1213","1","gps","Thalassoica antarctica","4181995GPS","4181995","At-sea distribution Antarctic Petrel, Antarctica 2012 (data from Descamps et al. 2016)","160.50995929157935","0.30975716401224124","-3683","271.8460532517431"
"1940508016","true","2013-01-27 19:59:35.000","7.789876461","-67.59554047","333046.2294-2434495.776","true","1213","1","gps","Thalassoica antarctica","4181995GPS","4181995","At-sea distribution Antarctic Petrel, Antarctica 2012 (data from Descamps et al. 2016)","160.3486928893789","0.31313606025469887","-3684","271.84175077297016"
"1940508017","true","2013-01-27 20:29:35.000","7.774389523","-67.59548962","332388.951-2434591.373","true","1213","1","gps","Thalassoica antarctica","4181995GPS","4181995","At-sea distribution Antarctic Petrel, Antarctica 2012 (data from Descamps et al. 2016)","160.55206395008227","0.3123592746695983","-3682","271.84289719541954"
"1940508018","true","2013-01-27 20:59:35.000","7.768798729","-67.59750125","332120.8208-2434399.746","true","1213","1","gps","Thalassoica antarctica","4181995GPS","4181995","At-sea distribution Antarctic Petrel, Antarctica 2012 (data from Descamps et al. 2016)","160.65765736682854","0.3127943577049269","-3682","271.8424627282588"
"1940508019","true","2013-01-27 21:29:35.000","7.759457622","-67.59864953","331706.5017-2434325.967","true","1213","1","gps","Thalassoica antarctica","4181995GPS","4181995","At-sea distribution Antarctic Petrel, Antarctica 2012 (data from Descamps et al. 2016)","160.82846447096","0.3127282969132986","-3682","271.8426716713371"
"1940508020","true","2013-01-27 21:59:35.000","7.752903188","-67.59821675","331434.5839-2434412.099","true","1213","1","gps","Thalassoica antarctica","4181995GPS","4181995","At-sea distribution Antarctic Petrel, Antarctica 2012 (data from Descamps et al. 2016)","160.9498967127164","0.31221356785103843","-3678","271.84337202117194"
"1940508021","true","2013-01-27 22:29:35.000","7.745758604","-67.59775949","331137.9461-2434504.34","true","1213","1","gps","Thalassoica antarctica","4181995GPS","4181995","At-sea distribution Antarctic Petrel, Antarctica 2012 (data from Descamps et al. 2016)","161.0783157881458","0.31164187924989195","-3678","271.8441474220049"
"1940508022","true","2013-01-27 22:59:35.000","7.739754842","-67.59727434","330890.1881-2434593.063","true","1213","1","gps","Thalassoica antarctica","4181995GPS","4181995","At-sea distribution Antarctic Petrel, Antarctica 2012 (data from Descamps et al. 2016)","161.18256891348216","0.31110994608709597","-3672","271.8448597823165"
"1940508023","true","2013-01-27 23:29:35.000","7.800262481","-67.66995235","332352.4276-2426149.23","true","1213","1","gps","Thalassoica antarctica","4181995GPS","4181995","At-sea distribution Antarctic Petrel, Antarctica 2012 (data from Descamps et al. 2016)","150.08352244058364","0.34249327422427417","-3639","271.8073071050658"
"1940508024","true","2013-01-27 23:59:35.000","7.793096358","-67.67176388","332021.3758-2425989.078","true","1213","1","gps","Thalassoica antarctica","4181995GPS","4181995","At-sea distribution Antarctic Petrel, Antarctica 2012 (data from Descamps et al. 2016)","149.76556428016744","0.34316737816870263","-3639","271.8065938510377"
"1940508025","true","2013-01-28 00:29:35.000","7.787894664","-67.67215326","331795.1973-2425975.856","true","1213","1","gps","Thalassoica antarctica","4181995GPS","4181995","At-sea distribution Antarctic Petrel, Antarctica 2012 (data from Descamps et al. 2016)","148.93955738174378","0.3377494038281106","-3638","271.82638741942344"
"1940508026","true","2013-01-28 00:59:35.000","7.753893488","-67.70429499","329868.1745-2422593.449","true","1213","1","gps","Thalassoica antarctica","4181995GPS","4181995","At-sea distribution Antarctic Petrel, Antarctica 2012 (data from Descamps et al. 2016)","142.84824674552053","0.34587849090375844","-3626","271.8298353991691"
"1940508027","true","2013-01-28 01:29:35.000","7.744784338","-67.71221975","329363.0134-2421763.505","true","1213","1","gps","Thalassoica antarctica","4181995GPS","4181995","At-sea distribution Antarctic Petrel, Antarctica 2012 (data from Descamps et al. 2016)","139.21017126979467","0.343703705170014","-3627","271.84512587379305"
"1940508028","true","2013-01-28 01:59:35.000","7.740982632","-67.71553961","329152.0772-2421415.718","true","1213","1","gps","Thalassoica antarctica","4181995GPS","4181995","At-sea distribution Antarctic Petrel, Antarctica 2012 (data from Descamps et al. 2016)","139.2427077439128","0.3394805847268317","-3626","271.86278869763095"
"1940508029","true","2013-01-28 02:29:35.000","7.741937482","-67.72640282","329028-2420200.745","true","1213","1","gps","Thalassoica antarctica","4181995GPS","4181995","At-sea distribution Antarctic Petrel, Antarctica 2012 (data from Descamps et al. 2016)","139.2917747120525","0.33870105257516875","-3624","271.875010371568"
"1940508030","true","2013-01-28 02:59:35.000","7.742905765","-67.72694639","329060.6721-2420134.666","true","1213","1","gps","Thalassoica antarctica","4181995GPS","4181995","At-sea distribution Antarctic Petrel, Antarctica 2012 (data from Descamps et al. 2016)","139.31545934893578","0.33322838093199436","-3624","271.89381147608736"
"1940508031","true","2013-01-28 03:29:35.000","7.73959145","-67.72844032","328898.0717-2419987.368","true","1213","1","gps","Thalassoica antarctica","4181995GPS","4181995","At-sea distribution Antarctic Petrel, Antarctica 2012 (data from Descamps et al. 2016)","139.3434534825233","0.3281527274743395","-3625","271.91219616813856"
"1940508032","true","2013-01-28 03:59:35.000","7.742436971","-67.7389355","328859.3934-2418802.57","true","1213","1","gps","Thalassoica antarctica","4181995GPS","4181995","At-sea distribution Antarctic Petrel, Antarctica 2012 (data from Descamps et al. 2016)","139.3977158918951","0.3271626527405331","-3624","271.92337470600427"
"1940508033","true","2013-01-28 04:29:35.000","7.746251842","-67.75032211","328848.0065-2417513.019","true","1213","1","gps","Thalassoica antarctica","4181995GPS","4181995","At-sea distribution Antarctic Petrel, Antarctica 2012 (data from Descamps et al. 2016)","139.45695591925042","0.3265531547459288","-3615","271.93329283558194"
"1940508034","true","2013-01-28 04:59:35.000","7.789608727","-67.76393121","330470.0642-2415748.627","true","1213","1","gps","Thalassoica antarctica","4181995GPS","4181995","At-sea distribution Antarctic Petrel, Antarctica 2012 (data from Descamps et al. 2016)","139.56605276780942","0.32708663181838676","-3572","271.9378773226422"
"1940508035","true","2013-01-28 05:29:35.000","7.796809803","-67.77984151","330531.1975-2413936.183","true","1213","1","gps","Thalassoica antarctica","4181995GPS","4181995","At-sea distribution Antarctic Petrel, Antarctica 2012 (data from Descamps et al. 2016)","140.35790900365376","0.3284137659756303","-3527","271.94292763216896"
"1940508036","true","2013-01-28 05:59:35.000","7.812165767","-67.81333904","330666.6726-2410119.522","true","1213","1","gps","Thalassoica antarctica","4181995GPS","4181995","At-sea distribution Antarctic Petrel, Antarctica 2012 (data from Descamps et al. 2016)","137.2019726194992","0.33757106616712906","-3472","271.9329133194037"
"1940508037","true","2013-01-28 06:29:35.000","7.847255817","-67.87633306","331176.6544-2402907.567","true","1213","1","gps","Thalassoica antarctica","4181995GPS","4181995","At-sea distribution Antarctic Petrel, Antarctica 2012 (data from Descamps et al. 2016)","132.2770878606861","0.3657675249959583","-3668","271.88196369498496"
"1940508038","true","2013-01-28 06:59:35.000","7.852081912","-67.87876998","331341.6645-2402608.553","true","1213","1","gps","Thalassoica antarctica","4181995GPS","4181995","At-sea distribution Antarctic Petrel, Antarctica 2012 (data from Descamps et al. 2016)","132.3424123633253","0.366848715566912","-3668","271.87982587827605"
"1940508039","true","2013-01-28 07:29:35.000","7.834987597","-67.91520277","330067.0997-2398654.206","true","1213","1","gps","Thalassoica antarctica","4181995GPS","4181995","At-sea distribution Antarctic Petrel, Antarctica 2012 (data from Descamps et al. 2016)","131.89971482828042","0.38330093839097124","-3883","271.85258204554003"
"1940508040","true","2013-01-28 07:59:35.000","7.832130258","-67.91666583","329925.0909-2398507.909","true","1213","1","gps","Thalassoica antarctica","4181995GPS","4181995","At-sea distribution Antarctic Petrel, Antarctica 2012 (data from Descamps et al. 2016)","131.9010702091459","0.38397536794152065","-3883","271.85159361030975"
"1940508041","true","2013-01-28 08:29:35.000","7.827310331","-67.9179586","329703.549-2398391.843","true","1213","1","gps","Thalassoica antarctica","4181995GPS","4181995","At-sea distribution Antarctic Petrel, Antarctica 2012 (data from Descamps et al. 2016)","131.90478015589076","0.3845853759794981","-3883","271.8508295735754"
"1940508042","true","2013-01-28 08:59:35.000","7.83511577","-67.92013272","329997-2398105.055","true","1213","1","gps","Thalassoica antarctica","4181995GPS","4181995","At-sea distribution Antarctic Petrel, Antarctica 2012 (data from Descamps et al. 2016)","131.90051945205204","0.38551542270528644","-3883","271.84878746266605"
"1940508043","true","2013-01-28 09:29:35.000","7.837395395","-67.92194525","330064.6599-2397890.299","true","1213","1","gps","Thalassoica antarctica","4181995GPS","4181995","At-sea distribution Antarctic Petrel, Antarctica 2012 (data from Descamps et al. 2016)","131.8981592958879","0.3863149246500691","-3883","271.8472881217532"
"1940508044","true","2013-01-28 09:59:35.000","7.837740643","-67.92252692","330070.202-2397823.606","true","1213","1","gps","Thalassoica antarctica","4181995GPS","4181995","At-sea distribution Antarctic Petrel, Antarctica 2012 (data from Descamps et al. 2016)","131.90471814892962","0.3865737706325687","-3883","271.84682553638766"
"1940508045","true","2013-01-28 10:29:35.000","7.820610666","-67.91870695","329411.6655-2398347.129","true","1213","1","gps","Thalassoica antarctica","4181995GPS","4181995","At-sea distribution Antarctic Petrel, Antarctica 2012 (data from Descamps et al. 2016)","131.94545360801587","0.38496211213593445","-3894","271.8505733835417"
"1940508046","true","2013-01-28 10:59:35.000","7.796722107","-67.93085091","328226.6993-2397133.265","true","1213","1","gps","Thalassoica antarctica","4181995GPS","4181995","At-sea distribution Antarctic Petrel, Antarctica 2012 (data from Descamps et al. 2016)","131.94918756710743","0.39059092813327917","-3950","271.8423760634048"
"1940508047","true","2013-01-28 11:29:35.000","7.802239476","-67.93068523","328460.0583-2397120.078","true","1213","1","gps","Thalassoica antarctica","4181995GPS","4181995","At-sea distribution Antarctic Petrel, Antarctica 2012 (data from Descamps et al. 2016)","131.95179550855892","0.3904792205898532","-3950","271.842243451253"
"1940508048","true","2013-01-28 11:59:35.000","7.805188368","-67.93012043","328592.045-2397166","true","1213","1","gps","Thalassoica antarctica","4181995GPS","4181995","At-sea distribution Antarctic Petrel, Antarctica 2012 (data from Descamps et al. 2016)","131.9582687836894","0.39020460188164646","-3950","271.84253761240114"
"1940508049","true","2013-01-28 12:29:35.000","7.805804227","-67.92998927","328619.8119-2397177.059","true","1213","1","gps","Thalassoica antarctica","4181995GPS","4181995","At-sea distribution Antarctic Petrel, Antarctica 2012 (data from Descamps et al. 2016)","131.96817558852425","0.3901413121069518","-3950","271.8426091690008"
"1940508050","true","2013-01-28 12:59:35.000","7.778359929","-67.9478338","327200.371-2395349.016","true","1213","1","gps","Thalassoica antarctica","4181995GPS","4181995","At-sea distribution Antarctic Petrel, Antarctica 2012 (data from Descamps et al. 2016)","132.23364026007442","0.39839887971268007","-3938","271.8302710869238"
"1940508051","true","2013-01-28 13:29:35.000","7.78199765","-67.95766439","327203-2394234.659","true","1213","1","gps","Thalassoica antarctica","4181995GPS","4181995","At-sea distribution Antarctic Petrel, Antarctica 2012 (data from Descamps et al. 2016)","132.32611151862056","0.4028071806445113","-3938","271.8226540129727"
"1940508052","true","2013-01-28 13:59:35.000","7.781393882","-67.95750377","327180.2117-2394255.974","true","1213","1","gps","Thalassoica antarctica","4181995GPS","4181995","At-sea distribution Antarctic Petrel, Antarctica 2012 (data from Descamps et al. 2016)","132.3304165678598","0.4027401209342877","-3938","271.82280357453357"
"1940508053","true","2013-01-28 14:29:35.000","7.82544961","-67.97429516","328764.4202-2392136.052","true","1213","1","gps","Thalassoica antarctica","4181995GPS","4181995","At-sea distribution Antarctic Petrel, Antarctica 2012 (data from Descamps et al. 2016)","129.6833407965866","0.40980063226738067","-3891","271.80812068854266"
"1940508054","true","2013-01-28 14:59:35.000","7.817547891","-67.97872157","328366.9216-2391689.046","true","1213","1","gps","Thalassoica antarctica","4181995GPS","4181995","At-sea distribution Antarctic Petrel, Antarctica 2012 (data from Descamps et al. 2016)","129.37103944733636","0.4118586476091098","-3767","271.8051886589312"
"1940508055","true","2013-01-28 15:29:35.000","7.78776128","-67.95825389","327434.8762-2394136.156","true","1213","1","gps","Thalassoica antarctica","4181995GPS","4181995","At-sea distribution Antarctic Petrel, Antarctica 2012 (data from Descamps et al. 2016)","132.4201208114573","0.4030209059337609","-3938","271.82193913373294"
"1940508056","true","2013-01-28 15:59:35.000","7.7625951","-67.93776393","326693.9975-2396559.238","true","1213","1","gps","Thalassoica antarctica","4181995GPS","4181995","At-sea distribution Antarctic Petrel, Antarctica 2012 (data from Descamps et al. 2016)","132.27848946347368","0.39394967962024924","-3954","271.8386852803978"
"1940508057","true","2013-01-28 16:29:35.000","7.699953381","-67.89237278","324756.5556-2401966.007","true","1213","1","gps","Thalassoica antarctica","4181995GPS","4181995","At-sea distribution Antarctic Petrel, Antarctica 2012 (data from Descamps et al. 2016)","134.73825290062928","0.3735153394689771","-3884","271.87687370026555"
"1940508058","true","2013-01-28 16:59:35.000","7.697856969","-67.89305538","324658.4013-2401901.924","true","1213","1","gps","Thalassoica antarctica","4181995GPS","4181995","At-sea distribution Antarctic Petrel, Antarctica 2012 (data from Descamps et al. 2016)","134.7415981190523","0.373834734160473","-3884","271.8764365537616"
"1940508059","true","2013-01-28 17:29:35.000","7.674476345","-67.89980395","323577.0268-2401283.151","true","1213","1","gps","Thalassoica antarctica","4181995GPS","4181995","At-sea distribution Antarctic Petrel, Antarctica 2012 (data from Descamps et al. 2016)","134.64170385655703","0.3770040924143762","-3906","271.8722354755788"
"1940508060","true","2013-01-28 17:59:35.000","7.654285866","-67.88428872","322962.8896-2403123.843","true","1213","1","gps","Thalassoica antarctica","4181995GPS","4181995","At-sea distribution Antarctic Petrel, Antarctica 2012 (data from Descamps et al. 2016)","135.25632253488774","0.36994041731833793","-3822","271.8854372792069"
"1940508061","true","2013-01-28 18:29:35.000","7.640546726","-67.8901595","322298.9695-2402547.78","true","1213","1","gps","Thalassoica antarctica","4181995GPS","4181995","At-sea distribution Antarctic Petrel, Antarctica 2012 (data from Descamps et al. 2016)","135.16812141595358","0.3726723748537512","-3836","271.88141780570356"
"1940508062","true","2013-01-28 18:59:35.000","7.623513172","-67.84536769","322252.0554-2407629.492","true","1213","1","gps","Thalassoica antarctica","4181995GPS","4181995","At-sea distribution Antarctic Petrel, Antarctica 2012 (data from Descamps et al. 2016)","137.69371366007525","0.3521774462408316","-3697","271.9183018660791"
"1940508063","true","2013-01-28 19:29:35.000","7.611507077","-67.76060584","323008.7059-2417134.51","true","1213","1","gps","Thalassoica antarctica","4181995GPS","4181995","At-sea distribution Antarctic Petrel, Antarctica 2012 (data from Descamps et al. 2016)","147.07379487635987","0.313423188650015","-3593","271.9916436935352"
"1940508064","true","2013-01-28 19:59:35.000","7.418654965","-67.57320559","317590.3423-2439092.198","true","1213","1","gps","Thalassoica antarctica","4181995GPS","4181995","At-sea distribution Antarctic Petrel, Antarctica 2012 (data from Descamps et al. 2016)","189.02253777442832","0.18793517702622511","-3676","272.4374407299959"
"1940508065","true","2013-01-28 20:29:35.000","7.351391222","-67.6400254","313765.6471-2432014.235","true","1213","1","gps","Thalassoica antarctica","4181995GPS","4181995","At-sea distribution Antarctic Petrel, Antarctica 2012 (data from Descamps et al. 2016)","182.03778262865004","0.21596650133242393","-3823","272.4118870070565"
"1940508066","true","2013-01-28 20:59:35.000","7.295330139","-67.75174537","309791.7208-2419867.571","true","1213","1","gps","Thalassoica antarctica","4181995GPS","4181995","At-sea distribution Antarctic Petrel, Antarctica 2012 (data from Descamps et al. 2016)","160.9009181053575","0.2703944535458255","-3849","272.32398201575734"
"1940508067","true","2013-01-28 21:29:35.000","7.186984028","-67.88229024","303380.672-2405900.627","true","1213","1","gps","Thalassoica antarctica","4181995GPS","4181995","At-sea distribution Antarctic Petrel, Antarctica 2012 (data from Descamps et al. 2016)","149.59938231093136","0.34390722495478715","-3976","272.1895222469775"
"1940508068","true","2013-01-28 21:59:35.000","7.165675196","-67.89312851","302334.0495-2404805.656","true","1213","1","gps","Thalassoica antarctica","4181995GPS","4181995","At-sea distribution Antarctic Petrel, Antarctica 2012 (data from Descamps et al. 2016)","149.81372288171326","0.3501645677834324","-4021","272.1781537103397"
"1940508069","true","2013-01-28 22:29:35.000","7.093824672","-67.95898121","298404.9568-2397845.153","true","1213","1","gps","Thalassoica antarctica","4181995GPS","4181995","At-sea distribution Antarctic Petrel, Antarctica 2012 (data from Descamps et al. 2016)","142.04638584118754","0.3889135426363277","-3814","272.10585337912295"
"1940508070","true","2013-01-28 22:59:35.000","7.039402786","-68.04386549","294959.4557-2388670.354","true","1213","1","gps","Thalassoica antarctica","4181995GPS","4181995","At-sea distribution Antarctic Petrel, Antarctica 2012 (data from Descamps et al. 2016)","142.09165903224454","0.43771490398113133","-4019","272.01495304788085"
"1940508071","true","2013-01-28 23:29:35.000","6.853475741","-68.18378171","285332.9721-2374026.084","true","1213","1","gps","Thalassoica antarctica","4181995GPS","4181995","At-sea distribution Antarctic Petrel, Antarctica 2012 (data from Descamps et al. 2016)","132.4913555765087","0.52103609631499","-4030","271.8827443296988"
"1940508072","true","2013-01-28 23:59:35.000","6.862085624","-68.03447796","287691.5697-2390617.897","true","1213","1","gps","Thalassoica antarctica","4181995GPS","4181995","At-sea distribution Antarctic Petrel, Antarctica 2012 (data from Descamps et al. 2016)","155.76057311938968","0.4312520781455381","-4047","272.03397490335226"
"1940508073","true","2013-01-29 00:29:35.000","6.776336823","-68.04846698","283928.1809-2389486.565","true","1213","1","gps","Thalassoica antarctica","4181995GPS","4181995","At-sea distribution Antarctic Petrel, Antarctica 2012 (data from Descamps et al. 2016)","149.23439933538913","0.43941550363348114","-3945","272.0261046885901"
"1940508074","true","2013-01-29 00:59:35.000","6.674344642","-68.04576659","279709.4375-2390289.242","true","1213","1","gps","Thalassoica antarctica","4181995GPS","4181995","At-sea distribution Antarctic Petrel, Antarctica 2012 (data from Descamps et al. 2016)","153.97440600957026","0.4074900191482219","-3928","272.20611388059666"
"1940508075","true","2013-01-29 01:29:35.000","6.516779888","-68.16034356","271675.7298-2378274.509","true","1213","1","gps","Thalassoica antarctica","4181995GPS","4181995","At-sea distribution Antarctic Petrel, Antarctica 2012 (data from Descamps et al. 2016)","147.14409696327405","0.47773372918318185","-4027","272.05768899665486"
"1940508076","true","2013-01-29 01:59:35.000","6.45692812","-68.19662435","268733.4605-2374512.345","true","1213","1","gps","Thalassoica antarctica","4181995GPS","4181995","At-sea distribution Antarctic Petrel, Antarctica 2012 (data from Descamps et al. 2016)","144.8265825179715","0.4904018055970766","-3837","272.0364216416729"
"1940508077","true","2013-01-29 02:29:35.000","6.396757583","-68.17339646","266530-2377383","true","1213","1","gps","Thalassoica antarctica","4181995GPS","4181995","At-sea distribution Antarctic Petrel, Antarctica 2012 (data from Descamps et al. 2016)","148.41437408861836","0.4794959558833617","-3941","272.06737233284406"
"1940508078","true","2013-01-29 02:59:35.000","6.191041544","-68.28057989","256695.8372-2366371.316","true","1213","1","gps","Thalassoica antarctica","4181995GPS","4181995","At-sea distribution Antarctic Petrel, Antarctica 2012 (data from Descamps et al. 2016)","140.3399105649727","0.627137115536601","-3747","271.7952792598096"
"1940508079","true","2013-01-29 03:29:35.000","5.903409242","-68.43982271","242976.6799-2349869.231","true","1213","1","gps","Thalassoica antarctica","4181995GPS","4181995","At-sea distribution Antarctic Petrel, Antarctica 2012 (data from Descamps et al. 2016)","131.08421144312146","0.6556674324187793","-3444","271.7693936490949"
"1940508080","true","2013-01-29 03:59:35.000","5.864952666","-68.40998282","241741.2331-2353359.472","true","1213","1","gps","Thalassoica antarctica","4181995GPS","4181995","At-sea distribution Antarctic Petrel, Antarctica 2012 (data from Descamps et al. 2016)","134.48046207524362","0.6473236084541698","-3548","271.78424960693917"
"1940508081","true","2013-01-29 04:29:35.000","5.652288079","-68.50239278","231984.4033-2343932.325","true","1213","1","gps","Thalassoica antarctica","4181995GPS","4181995","At-sea distribution Antarctic Petrel, Antarctica 2012 (data from Descamps et al. 2016)","129.04931847755816","0.6838936751725019","-3378","271.74487182795264"
"1940508082","true","2013-01-29 04:59:35.000","5.396001122","-68.68130381","219612.474-2324989.26","true","1213","1","gps","Thalassoica antarctica","4181995GPS","4181995","At-sea distribution Antarctic Petrel, Antarctica 2012 (data from Descamps et al. 2016)","127.36607784977362","0.763739600623035","-3295","271.6540111960589"
"1940508083","true","2013-01-29 05:29:35.000","5.184189967","-68.882323","208982.0401-2303367.599","true","1213","1","gps","Thalassoica antarctica","4181995GPS","4181995","At-sea distribution Antarctic Petrel, Antarctica 2012 (data from Descamps et al. 2016)","124.2250325934906","0.8094019112594069","-2652","271.56095702935215"
"1940508084","true","2013-01-29 05:59:35.000","4.966502818","-69.08073786","198306.9453-2282024.143","true","1213","1","gps","Thalassoica antarctica","4181995GPS","4181995","At-sea distribution Antarctic Petrel, Antarctica 2012 (data from Descamps et al. 2016)","NaN","0.9150776608006975","-2140","271.459716796875"
"1940508085","true","2013-01-29 06:29:35.000","4.649919663","-69.24546573","184201.2618-2264721.703","true","1213","1","gps","Thalassoica antarctica","4181995GPS","4181995","At-sea distribution Antarctic Petrel, Antarctica 2012 (data from Descamps et al. 2016)","NaN","0.9248952534579566","-2569","271.45971679687494"
"1940508086","true","2013-01-29 06:59:35.000","4.411942743","-69.42366894","173260.7923-2245605.665","true","1213","1","gps","Thalassoica antarctica","4181995GPS","4181995","At-sea distribution Antarctic Petrel, Antarctica 2012 (data from Descamps et al. 2016)","NaN","0.9126635138290342","-2306","271.459716796875"
"1940508087","true","2013-01-29 07:29:35.000","4.233418337","-69.56892599","165064.9446-2229949.218","true","1213","1","gps","Thalassoica antarctica","4181995GPS","4181995","At-sea distribution Antarctic Petrel, Antarctica 2012 (data from Descamps et al. 2016)","NaN","0.9383955338969849","-2553","271.459716796875"
"1940508088","true","2013-01-29 07:59:35.000","4.18651106","-69.65645958","162525.5248-2220332.95","true","1213","1","gps","Thalassoica antarctica","4181995GPS","4181995","At-sea distribution Antarctic Petrel, Antarctica 2012 (data from Descamps et al. 2016)","NaN","0.9518390232105054","-2333","271.459716796875"
"1940508089","true","2013-01-29 08:29:35.000","4.226095967","-69.78240721","163023.1676-2206195.631","true","1213","1","gps","Thalassoica antarctica","4181995GPS","4181995","At-sea distribution Antarctic Petrel, Antarctica 2012 (data from Descamps et al. 2016)","NaN","0.9837697923205775","-2075","271.459716796875"
"1940508090","true","2013-01-29 08:59:35.000","4.318200767","-69.90233006","165561.6471-2192583.602","true","1213","1","gps","Thalassoica antarctica","4181995GPS","4181995","At-sea distribution Antarctic Petrel, Antarctica 2012 (data from Descamps et al. 2016)","NaN","0.9833156534664425","-1325","271.459716796875"
"1940508091","true","2013-01-29 09:29:35.000","4.459734707","-70.0553739","169649.6069-2175144.683","true","1213","1","gps","Thalassoica antarctica","4181995GPS","4181995","At-sea distribution Antarctic Petrel, Antarctica 2012 (data from Descamps et al. 2016)","NaN","0.9825944795638586","-87","271.459716796875"
"1940508092","true","2013-01-29 09:59:35.000","4.567227289","-70.19527076","172487.7731-2159270.71","true","1213","1","gps","Thalassoica antarctica","4181995GPS","4181995","At-sea distribution Antarctic Petrel, Antarctica 2012 (data from Descamps et al. 2016)","NaN","0.9929037860624048","36","271.459716796875"
"1940508093","true","2013-01-29 10:29:35.000","4.608403714","-70.25835583","173474.4356-2152135.729","true","1213","1","gps","Thalassoica antarctica","4181995GPS","4181995","At-sea distribution Antarctic Petrel, Antarctica 2012 (data from Descamps et al. 2016)","NaN","0.9929517413630428","67","271.45971679687506"
"1940508094","true","2013-01-29 10:59:35.000","4.615502482","-70.20330124","174234.9798-2158232.145","true","1213","1","gps","Thalassoica antarctica","4181995GPS","4181995","At-sea distribution Antarctic Petrel, Antarctica 2012 (data from Descamps et al. 2016)","NaN","0.992930297568829","36","271.4597167968749"
"1940508095","true","2013-01-29 11:29:35.000","5.145914945","-70.136235","194877.6887-2163974.877","true","1213","1","gps","Thalassoica antarctica","4181995GPS","4181995","At-sea distribution Antarctic Petrel, Antarctica 2012 (data from Descamps et al. 2016)","NaN","0.9932329462617493","26","271.45971679687506"
